Connecting to fdaa:cb:76d5:a7b:268:6a10:d63d:2...
1791406235.373 476184 420974592
1791406235.580 476140 421011456
1791406235.784 476140 421015552
1791406235.989 476140 421027840
1791406236.194 476140 421023744
1791406236.398 476140 421027840
1791406236.604 476140 421011456
1791406236.808 476140 421015552
1791406237.013 476140 421027840
1791406237.218 476140 421027840
1791406237.422 476140 420990976
1791406237.626 476140 420990976
1791406237.831 476140 420990976
1791406238.038 476140 421003264
1791406238.244 476140 421027840
1791406238.449 476140 421015552
1791406238.654 476140 421011456
1791406238.859 476140 421023744
1791406239.064 476140 421019648
1791406239.269 476140 421023744
1791406239.474 476140 421015552
1791406239.680 476140 421011456
1791406239.887 476140 421027840
1791406240.094 476140 420999168
1791406240.300 476140 421011456
1791406240.506 476140 421007360
1791406240.711 476140 421015552
1791406240.917 476140 421027840
1791406241.122 476140 421023744
1791406241.327 476140 421011456
1791406241.532 476140 421011456
1791406241.737 476140 421027840
1791406241.942 476140 421023744
1791406242.148 476140 421023744
1791406242.353 476140 420986880
1791406242.558 476140 420986880
1791406242.763 476140 421023744
1791406242.968 476140 421023744
1791406243.172 476140 420986880
1791406243.377 476140 420986880
1791406243.581 476140 420986880
1791406243.786 476140 421023744
1791406243.991 476140 421019648
1791406244.195 476140 421011456
1791406244.400 476140 421011456
1791406244.605 476140 421023744
1791406244.810 476140 421023744
1791406245.015 476140 421023744
1791406245.219 476140 420986880
1791406245.425 476140 420986880
1791406245.630 476140 421023744
1791406245.835 476140 421023744
1791406246.040 476140 421015552
1791406246.244 476140 421011456
1791406246.449 476140 421015552
1791406246.654 476140 421023744
1791406246.858 476140 421027840
1791406247.063 476140 420986880
1791406247.269 476140 420986880
1791406247.473 476140 421023744
1791406247.678 476140 421023744
1791406247.883 476140 421023744
1791406248.087 476140 421015552
1791406248.292 476140 421019648
1791406248.496 476140 421023744
1791406248.701 476140 421027840
1791406248.907 476140 420986880
1791406249.112 476140 421011456
1791406249.317 476140 421011456
1791406249.521 476140 421011456
1791406249.727 476140 421011456
1791406249.931 476140 420986880
1791406250.135 476140 421011456
1791406250.341 476140 420978688
1791406250.546 476140 421023744
1791406250.752 476140 421023744
1791406250.957 476140 421011456
1791406251.163 476140 421011456
1791406251.368 476140 421011456
1791406251.575 476140 421011456
1791406251.782 476140 421011456
1791406251.988 476140 421011456
1791406252.193 476140 421011456
1791406252.398 476140 421027840
1791406252.603 476140 420990976
1791406252.808 476140 421011456
1791406253.014 476140 421015552
1791406253.220 476140 421015552
1791406253.426 476140 421015552
1791406253.634 476140 421015552
1791406253.840 476140 421015552
1791406254.047 476140 421011456
1791406254.255 476140 421023744
1791406254.461 476140 421023744
1791406254.666 476140 421027840
1791406254.872 476140 421011456
1791406255.078 476140 421011456
1791406255.283 476140 421011456
1791406255.489 476140 421011456
1791406255.695 476140 421011456
1791406255.899 476140 421011456
1791406256.104 476140 421011456
1791406256.309 476140 421023744
1791406256.514 476140 421023744
1791406256.719 476140 421011456
1791406256.925 476140 421015552
1791406257.130 476140 421027840
1791406257.335 476140 421027840
1791406257.541 476140 421023744
1791406257.746 476140 421011456
1791406257.950 476140 421015552
1791406258.154 476140 421015552
1791406258.359 476140 421015552
1791406258.563 476140 421015552
1791406258.768 476140 421015552
1791406258.973 476140 421011456
1791406259.178 476140 421027840
1791406259.383 476140 421023744
1791406259.588 476140 421011456
1791406259.793 476140 421011456
1791406259.997 476140 421011456
1791406260.202 476140 421011456
1791406260.407 476140 421011456
1791406260.612 476140 421011456
1791406260.817 476140 421011456
1791406261.022 476140 421023744
1791406261.226 476140 421023744
1791406261.431 476140 421015552
1791406261.636 476140 421015552
1791406261.841 476140 421015552
1791406262.047 476140 421027840
1791406262.252 476140 421027840
1791406262.458 476140 420990976
1791406262.662 476140 420990976
1791406262.866 476140 421027840
1791406263.071 476140 421027840
1791406263.276 476140 421027840
1791406263.481 476140 421011456
1791406263.685 476140 421007360
1791406263.890 476140 421023744
1791406264.095 476140 421040128
1791406264.301 476140 421003264
1791406264.506 476140 421003264
1791406264.711 476140 421003264
1791406264.915 476140 421040128
1791406265.120 476140 421044224
1791406265.324 476140 421036032
1791406265.529 476140 421036032
1791406265.735 476140 421044224
1791406265.941 476140 421023744
1791406266.147 476140 421044224
1791406266.351 476140 421031936
1791406266.556 476140 421031936
1791406266.760 476140 421044224
1791406266.965 476140 421044224
1791406267.170 476140 421007360
1791406267.375 476140 421007360
1791406267.580 476140 421007360
1791406267.786 476140 421044224
1791406267.993 476140 421048320
1791406268.200 476140 421031936
1791406268.405 476140 421036032
1791406268.614 476140 421044224
1791406268.819 476140 421044224
1791406269.025 476140 421048320
1791406269.230 476140 421011456
1791406269.435 476140 421011456
1791406269.641 476140 421048320
1791406269.847 476140 421048320
1791406270.052 476140 421007360
1791406270.259 476140 421031936
1791406270.466 476140 421036032
1791406270.673 476144 421048320
1791406270.878 476144 421044224
1791406271.084 476144 421011456
1791406271.292 476144 421011456
1791406271.498 476144 421048320
1791406271.703 476144 421048320
1791406271.908 476144 421048320
1791406272.112 476144 421031936
1791406272.317 476144 421031936
1791406272.524 476144 421044224
1791406272.729 476144 421044224
1791406272.934 476144 421040128
1791406273.140 476144 421031936
1791406273.345 476144 421031936
1791406273.550 476144 421044224
1791406273.756 476144 421048320
1791406273.962 476144 421007360
1791406274.168 476144 421031936
1791406274.374 476144 421048320
1791406274.582 476144 421048320
1791406274.786 476144 421048320
1791406274.992 476144 421036032
1791406275.197 476144 421036032
1791406275.403 476144 421036032
1791406275.608 476144 421036032
1791406275.814 476144 421036032
1791406276.021 476144 421036032
1791406276.226 476144 421036032
1791406276.431 476144 421048320
1791406276.637 476144 421052416
1791406276.842 476144 421036032
1791406277.046 476144 421036032
1791406277.250 476144 421036032
1791406277.455 476144 421036032
1791406277.659 476144 421036032
1791406277.864 476144 421036032
1791406278.068 476144 421040128
1791406278.274 476144 421048320
1791406278.480 476144 421048320
1791406278.686 476144 421036032
1791406278.892 476144 421036032
1791406279.098 476144 421036032
1791406279.304 476144 421052416
1791406279.509 476144 421048320
1791406279.713 476144 421036032
1791406279.918 476144 421036032
1791406280.122 476144 421048320
1791406280.327 476144 421048320
1791406280.533 476144 421048320
1791406280.740 476144 421036032
1791406280.945 476144 421019648
1791406281.151 476144 421048320
1791406281.356 476144 421052416
1791406281.561 476144 421015552
1791406281.767 476144 421036032
1791406281.974 476144 421040128
1791406282.180 476144 421040128
1791406282.385 476144 421040128
1791406282.590 476144 421040128
1791406282.796 476144 421040128
1791406283.002 476144 421036032
1791406283.209 476144 421048320
1791406283.415 476144 421048320
1791406283.620 476144 421031936
1791406283.825 476144 421040128
1791406284.029 476144 421044224
1791406284.234 476144 421048320
1791406284.438 476144 421011456
1791406284.644 476144 421036032
1791406284.850 476144 421036032
1791406285.056 476144 421048320
1791406285.261 476144 421048320
1791406285.466 476144 421011456
1791406285.672 476144 421011456
1791406285.878 476144 421048320
1791406286.084 476144 421048320
1791406286.294 476144 421048320
1791406286.502 476144 421036032
1791406286.710 476144 421052416
1791406286.920 476144 421068800
1791406287.129 476144 421068800
1791406287.336 476144 421068800
1791406287.544 476144 421068800
1791406287.752 476144 421068800
1791406287.959 476144 421089280
1791406288.165 476144 421089280
1791406288.370 476144 421076992
1791406288.577 476144 421076992
1791406288.785 476144 421093376
1791406288.991 476144 421089280
1791406289.200 476144 421089280
1791406289.406 476144 421052416
1791406289.612 476144 421052416
1791406289.819 476144 421089280
1791406290.026 476144 421089280
1791406290.234 476144 421076992
1791406290.439 476144 421081088
1791406290.644 476144 421085184
1791406290.849 476144 421093376
1791406291.058 476144 421093376
1791406291.263 476144 421056512
1791406291.468 476144 421056512
1791406291.672 476144 421093376
1791406291.877 476144 421093376
1791406292.082 476136 421105664
1791406292.286 476136 421093376
1791406292.491 476136 421089280
1791406292.696 476136 421105664
1791406292.901 476136 421101568
1791406293.106 476136 421101568
1791406293.311 476136 421101568
1791406293.516 476136 421101568
1791406293.720 476136 421101568
1791406293.925 476384 421126144
1791406294.129 476384 421109760
1791406294.333 476384 421109760
1791406294.538 476384 421126144
1791406294.742 476384 421122048
1791406294.947 476384 421122048
1791406295.152 476384 421085184
1791406295.357 476384 421085184
1791406295.563 476384 421122048
1791406295.769 476384 421122048
1791406295.975 476384 421109760
1791406296.180 476384 421109760
1791406296.384 476384 421109760
1791406296.589 476384 421122048
1791406296.794 476384 421122048
1791406296.999 476384 421109760
1791406297.205 476384 421109760
1791406297.410 476384 421109760
1791406297.615 476384 421109760
1791406297.821 476384 421109760
1791406298.025 476384 421113856
1791406298.230 476384 421109760
1791406298.434 476384 421122048
1791406298.639 476384 421122048
1791406298.843 476384 421109760
1791406299.048 476384 421109760
1791406299.253 476384 421109760
1791406299.458 476384 421109760
1791406299.663 476384 421109760
1791406299.868 476384 421109760
1791406300.072 476384 421113856
1791406300.277 476384 421109760
1791406300.482 476384 421122048
1791406300.686 476384 421122048
1791406300.890 476384 421109760
1791406301.095 476384 421113856
1791406301.300 476384 421113856
1791406301.505 476384 421113856
1791406301.710 476384 421113856
1791406301.914 476384 421113856
1791406302.118 476384 421113856
1791406302.323 476384 421113856
1791406302.527 476384 421113856
1791406302.733 476384 421113856
1791406302.938 476384 421113856
1791406303.142 476384 421113856
1791406303.346 476384 421187584
1791406303.551 476384 421150720
1791406303.755 476384 421150720
1791406303.960 476384 421167104
1791406304.164 476384 421183488
1791406304.369 476384 421179392
1791406304.574 476384 421179392
1791406304.779 476384 421167104
1791406304.985 476384 421167104
1791406305.190 476384 421167104
1791406305.395 476384 421167104
1791406305.600 476384 421167104
1791406305.805 476384 421167104
1791406306.011 476384 421167104
1791406306.216 476384 421183488
1791406306.421 476384 421179392
1791406306.626 476384 421171200
1791406306.830 476384 421171200
1791406307.034 476384 421167104
1791406307.239 476384 421167104
1791406307.443 476384 421167104
1791406307.649 476384 421167104
1791406307.854 476384 421167104
1791406308.058 476384 421187584
1791406308.263 476384 421183488
1791406308.467 476384 421171200
1791406308.672 476384 421167104
1791406308.877 476384 421167104
1791406309.081 476384 421179392
1791406309.286 476384 421179392
1791406309.490 476384 421142528
1791406309.695 476384 421142528
1791406309.899 476384 421179392
1791406310.103 476384 421179392
1791406310.308 476384 421183488
1791406310.513 476384 421167104
1791406310.718 476384 421171200
1791406310.924 476384 421179392
1791406311.129 476384 421179392
1791406311.335 476384 421142528
1791406311.540 476384 421142528
1791406311.744 476384 421142528
1791406311.949 476384 421158912
1791406312.154 476384 421179392
1791406312.358 476384 421167104
1791406312.563 476384 421171200
1791406312.767 476384 421179392
1791406312.972 476384 421183488
1791406313.176 476384 421183488
1791406313.381 476384 421146624
1791406313.587 476384 421146624
1791406313.792 476384 421183488
1791406313.997 476384 421183488
1791406314.201 476384 421146624
1791406314.406 476384 421146624
1791406314.611 476384 421146624
1791406314.815 476384 421146624
1791406315.021 476384 421179392
1791406315.225 476384 421167104
1791406315.429 476384 421167104
1791406315.634 476384 421167104
1791406315.838 476384 421179392
1791406316.042 476384 421179392
1791406316.247 476384 421142528
1791406316.452 476384 421142528
1791406316.656 476384 421179392
1791406316.861 476384 421179392
1791406317.065 476384 421179392
1791406317.269 476384 421167104
1791406317.473 476384 421167104
1791406317.678 476384 421179392
1791406317.883 476384 421183488
1791406318.088 476384 421142528
1791406318.293 476384 421142528
1791406318.497 476384 421142528
1791406318.702 476384 421179392
1791406318.907 476384 421179392
1791406319.112 476384 421171200
1791406319.317 476384 421171200
1791406319.522 476384 421179392
1791406319.728 476384 421183488
1791406319.932 476384 421179392
1791406320.137 476384 421142528
1791406320.342 476384 421142528
1791406320.546 476384 421179392
1791406320.751 476384 421179392
1791406320.956 476384 421167104
1791406321.161 476384 421167104
1791406321.367 476384 421163008
1791406321.573 476384 421179392
1791406321.777 476384 421179392
1791406321.981 476384 421167104
1791406322.186 476384 421167104
1791406322.391 476384 421167104
1791406322.596 476384 421167104
1791406322.801 476384 421167104
1791406323.005 476384 421167104
1791406323.210 476384 421175296
1791406323.415 476384 421179392
1791406323.620 476384 421179392
1791406323.824 476384 421167104
1791406324.028 476384 421171200
1791406324.233 476384 421171200
1791406324.437 476384 421171200
1791406324.641 476384 421171200
1791406324.845 476384 421171200
1791406325.050 476384 421167104
1791406325.254 476384 421179392
1791406325.459 476384 421179392
1791406325.663 476384 421183488
1791406325.867 476384 421167104
1791406326.072 476384 421171200
1791406326.276 476384 421171200
1791406326.480 476384 421171200
1791406326.685 476384 421171200
1791406326.889 476384 421171200
1791406327.094 476384 421167104
1791406327.299 476384 421179392
1791406327.503 476384 421179392
1791406327.708 476384 421167104
1791406327.912 476384 421167104
1791406328.116 476384 421167104
1791406328.321 476384 421167104
1791406328.525 476384 421167104
1791406328.730 476384 421167104
1791406328.934 476384 421167104
1791406329.138 476384 421179392
1791406329.342 476384 421179392
1791406329.547 476384 421138432
1791406329.752 476384 421167104
1791406329.957 476384 421167104
1791406330.162 476384 421167104
1791406330.367 476384 421167104
1791406330.572 476384 421167104
1791406330.776 476384 421167104
1791406330.981 476384 421167104
1791406331.185 476384 421183488
1791406331.389 476384 421179392
1791406331.593 476384 421163008
1791406331.797 476384 421167104
1791406332.002 476384 421163008
1791406332.206 476384 421163008
1791406332.410 476384 421163008
1791406332.614 476384 421163008
1791406332.819 476384 421163008
1791406333.023 476380 421179392
1791406333.228 476380 421179392
1791406333.433 476380 421167104
1791406333.638 476380 421167104
1791406333.845 476380 421171200
1791406334.049 476380 421183488
1791406334.255 476380 421183488
1791406334.461 476380 421146624
1791406334.666 476380 421146624
1791406334.871 476380 421183488
1791406335.075 476380 421183488
1791406335.280 476380 421179392
1791406335.484 476380 421167104
1791406335.689 476380 421167104
1791406335.893 476380 421179392
1791406336.097 476380 421179392
1791406336.301 476380 421142528
1791406336.505 476380 421142528
1791406336.710 476380 421142528
1791406336.914 476380 421179392
1791406337.118 476380 421179392
1791406337.322 476380 421142528
1791406337.527 476380 421142528
1791406337.733 476380 421179392
1791406337.939 476380 421179392
1791406338.145 476380 421183488
1791406338.350 476380 421167104
1791406338.555 476380 421167104
1791406338.759 476380 421183488
1791406338.963 476380 421179392
1791406339.168 476380 421142528
1791406339.373 476380 421142528
1791406339.578 476380 421142528
1791406339.783 476380 421179392
1791406339.987 476380 421183488
1791406340.192 476380 421175296
1791406340.396 476380 421171200
1791406340.600 476380 421171200
1791406340.805 476380 421183488
1791406341.010 476380 421187584
1791406341.215 476380 421150720
1791406341.420 476380 421150720
1791406341.625 476380 421187584
1791406341.831 476380 421187584
1791406342.035 476380 421146624
1791406342.239 476380 421171200
1791406342.444 476380 421175296
1791406342.649 476380 421183488
1791406342.854 476380 421183488
1791406343.058 476380 421146624
1791406343.263 476380 421146624
1791406343.467 476380 421183488
1791406343.673 476380 421183488
1791406343.878 476380 421183488
1791406344.082 476380 421146624
1791406344.286 476380 421146624
1791406344.491 476380 421183488
1791406344.695 476380 421183488
1791406344.899 476380 421183488
1791406345.105 476380 421171200
1791406345.309 476380 421171200
1791406345.513 476380 421187584
1791406345.718 476380 421187584
1791406345.924 476380 421158912
1791406346.129 476380 421175296
1791406346.333 476380 421175296
1791406346.538 476380 421187584
1791406346.744 476380 421191680
1791406346.948 476380 421175296
1791406347.152 476380 421175296
1791406347.357 476380 421175296
1791406347.561 476380 421175296
1791406347.765 476380 421175296
1791406347.969 476380 421175296
1791406348.174 476380 421179392
1791406348.378 476380 421187584
1791406348.582 476380 421191680
1791406348.787 476380 421175296
1791406348.991 476380 421179392
1791406349.195 476380 421179392
1791406349.399 476380 421179392
1791406349.604 476380 421179392
1791406349.808 476380 421179392
1791406350.012 476380 421175296
1791406350.217 476380 421187584
1791406350.421 476380 421187584
1791406350.626 476380 421187584
1791406350.830 476380 421175296
1791406351.034 476380 421175296
1791406351.238 476380 421175296
1791406351.443 476380 421175296
1791406351.647 476380 421175296
1791406351.851 476380 421175296
1791406352.056 476372 421183488
1791406352.261 476372 421199872
1791406352.465 476372 421199872
1791406352.669 476372 421179392
1791406352.874 476372 421179392
1791406353.078 476372 421187584
1791406353.282 476372 421187584
1791406353.487 476372 421224448
1791406353.693 476372 421187584
1791406353.898 476372 421187584
1791406354.103 476372 421216256
1791406354.308 476372 421220352
1791406354.512 476372 421179392
1791406354.716 476372 421203968
1791406354.921 476372 421208064
1791406355.125 476372 421216256
1791406355.330 476372 421216256
1791406355.535 476372 421208064
1791406355.740 476372 421203968
1791406355.944 476372 421203968
1791406356.148 476372 421203968
1791406356.353 476372 421203968
1791406356.557 476372 421203968
1791406356.761 476372 421203968
1791406356.966 476372 421216256
1791406357.172 476372 421220352
1791406357.376 476372 421220352
1791406357.580 476372 421203968
1791406357.785 476372 421208064
1791406357.989 476372 421216256
1791406358.193 476372 421216256
1791406358.398 476372 421179392
1791406358.603 476372 421179392
1791406358.807 476372 421179392
1791406359.011 476372 421216256
1791406359.217 476372 421212160
1791406359.421 476372 421203968
1791406359.626 476372 421203968
1791406359.831 476372 421216256
1791406360.036 476372 421216256
1791406360.241 476372 421216256
1791406360.446 476372 421179392
1791406360.650 476372 421179392
1791406360.856 476372 421216256
1791406361.061 476372 421216256
1791406361.266 476372 421179392
1791406361.470 476372 421179392
1791406361.675 476372 421179392
1791406361.879 476372 421216256
1791406362.083 476372 421220352
1791406362.287 476372 421203968
1791406362.492 476372 421203968
1791406362.696 476372 421220352
1791406362.901 476372 421216256
1791406363.105 476372 421216256
1791406363.310 476372 421208064
1791406363.514 476372 421208064
1791406363.719 476372 421220352
1791406363.926 476372 421216256
1791406364.132 476372 421203968
1791406364.339 476372 421203968
1791406364.545 476372 421208064
1791406364.749 476372 421220352
1791406364.954 476372 421216256
1791406365.159 476372 421179392
1791406365.363 476372 421179392
1791406365.568 476372 421216256
1791406365.773 476372 421216256
1791406365.977 476372 421216256
1791406366.182 476372 421179392
1791406366.387 476372 421179392
1791406366.591 476372 421216256
1791406366.795 476372 421216256
1791406366.999 476372 421179392
1791406367.204 476372 421203968
1791406367.409 476372 421203968
1791406367.613 476372 421216256
1791406367.817 476372 421220352
1791406368.021 476372 421179392
1791406368.226 476372 421216256
1791406368.430 476372 421216256
1791406368.635 476372 421216256
1791406368.839 476372 421216256
1791406369.044 476372 421203968
1791406369.248 476372 421208064
1791406369.452 476372 421216256
1791406369.656 476372 421216256
1791406369.861 476372 421216256
1791406370.067 476372 421208064
1791406370.272 476372 421208064
1791406370.477 476372 421208064
1791406370.681 476372 421208064
1791406370.886 476372 421208064
1791406371.091 476372 421203968
1791406371.296 476372 421203968
1791406371.500 476372 421216256
1791406371.705 476372 421220352
1791406371.909 476372 421203968
1791406372.113 476372 421203968
1791406372.318 476372 421203968
1791406372.522 476372 421203968
1791406372.727 476372 421203968
1791406372.932 476372 421212160
1791406373.138 476372 421208064
1791406373.344 476372 421216256
1791406373.549 476372 421216256
1791406373.753 476372 421203968
1791406373.958 476372 421203968
1791406374.162 476372 421203968
1791406374.366 476372 421203968
1791406374.571 476372 421203968
1791406374.775 476372 421203968
1791406374.979 476372 421208064
1791406375.183 476372 421216256
1791406375.388 476372 421220352
1791406375.592 476372 421220352
1791406375.796 476372 421208064
1791406376.000 476372 421212160
1791406376.204 476372 421212160
1791406376.408 476372 421212160
1791406376.613 476372 421212160
1791406376.817 476372 421212160
1791406377.021 476372 421212160
1791406377.225 476372 421220352
1791406377.429 476372 421220352
1791406377.634 476372 421208064
1791406377.838 476372 421208064
1791406378.042 476372 421208064
1791406378.247 476372 421208064
1791406378.451 476372 421208064
1791406378.655 476372 421208064
1791406378.860 476372 421208064
1791406379.064 476372 421224448
1791406379.268 476372 421220352
1791406379.472 476372 421187584
1791406379.677 476372 421208064
1791406379.881 476372 421212160
1791406380.085 476372 421208064
1791406380.289 476372 421208064
1791406380.494 476372 421208064
1791406380.698 476372 421208064
1791406380.903 476372 421208064
1791406381.108 476372 421220352
1791406381.312 476372 421220352
1791406381.517 476372 421208064
1791406381.721 476372 421212160
1791406381.925 476372 421220352
1791406382.130 476372 421224448
1791406382.334 476372 421220352
1791406382.538 476372 421212160
1791406382.742 476372 421208064
1791406382.947 476372 421220352
1791406383.151 476372 421220352
1791406383.356 476372 421183488
1791406383.560 476372 421183488
1791406383.764 476372 421183488
1791406383.969 476372 421224448
1791406384.173 476372 421224448
1791406384.378 476372 421208064
1791406384.582 476372 421208064
1791406384.788 476372 421187584
1791406384.994 476372 421220352
1791406385.200 476372 421220352
1791406385.406 476372 421183488
1791406385.610 476372 421183488
1791406385.814 476372 421220352
1791406386.019 476372 421220352
1791406386.224 476372 421212160
1791406386.428 476372 421208064
1791406386.633 476372 421208064
1791406386.837 476372 421220352
1791406387.042 476372 421220352
1791406387.247 476372 421183488
1791406387.452 476372 421183488
1791406387.656 476372 421220352
1791406387.861 476372 421220352
1791406388.066 476372 421220352
1791406388.271 476372 421212160
1791406388.476 476372 421175296
1791406388.681 476372 421220352
1791406388.885 476372 421220352
1791406389.089 476372 421183488
1791406389.294 476372 421183488
1791406389.499 476372 421183488
1791406389.703 476372 421220352
1791406389.908 476372 421220352
1791406390.112 476372 421212160
1791406390.317 476372 421208064
1791406390.521 476372 421208064
1791406390.725 476372 421220352
1791406390.929 476372 421224448
1791406391.134 476372 421212160
1791406391.338 476372 421212160
1791406391.543 476372 421187584
1791406391.749 476372 421220352
1791406391.954 476372 421183488
1791406392.160 476372 421183488
1791406392.364 476372 421183488
1791406392.568 476372 421220352
1791406392.773 476372 421220352
1791406392.978 476372 421208064
1791406393.182 476372 421208064
1791406393.386 476372 421212160
1791406393.591 476372 421220352
1791406393.795 476372 421224448
1791406394.000 476372 421208064
1791406394.204 476372 421208064
1791406394.409 476372 421208064
1791406394.613 476372 421208064
1791406394.818 476372 421208064
1791406395.023 476372 421208064
1791406395.228 476372 421208064
1791406395.433 476372 421220352
1791406395.641 476372 421224448
1791406395.846 476372 421212160
1791406396.051 476372 421212160
1791406396.255 476372 421212160
1791406396.460 476372 421212160
1791406396.664 476372 421212160
1791406396.868 476372 421212160
1791406397.073 476372 421212160
1791406397.277 476372 421220352
1791406397.481 476372 421220352
1791406397.686 476372 421220352
1791406397.891 476372 421208064
1791406398.095 476372 421208064
1791406398.300 476372 421208064
1791406398.505 476372 421208064
1791406398.709 476372 421208064
1791406398.914 476372 421179392
1791406399.119 476372 421208064
1791406399.324 476372 421220352
1791406399.528 476372 421220352
1791406399.732 476372 421208064
1791406399.937 476372 421216256
1791406400.143 476372 421220352
1791406400.348 476372 421224448
1791406400.552 476372 421220352
1791406400.756 476372 421212160
1791406400.961 476372 421208064
1791406401.165 476372 421208064
1791406401.370 476372 421208064
1791406401.576 476372 421208064
1791406401.781 476372 421208064
1791406401.987 476372 421208064
1791406402.192 476372 421220352
1791406402.397 476372 421220352
1791406402.601 476372 421208064
1791406402.805 476372 421208064
1791406403.010 476372 421212160
1791406403.216 476372 421212160
1791406403.423 476372 421212160
1791406403.629 476372 421212160
1791406403.835 476372 421212160
1791406404.040 476372 421220352
1791406404.244 476372 421220352
1791406404.449 476372 421208064
1791406404.654 476372 421212160
1791406404.859 476372 421208064
1791406405.063 476372 421220352
1791406405.268 476372 421220352
1791406405.472 476372 421183488
1791406405.680 476876 421847040
1791406405.884 476876 421957632
1791406406.089 476876 421969920
1791406406.293 476876 421974016
1791406406.497 476876 421957632
1791406406.701 476876 421961728
1791406406.906 476876 421969920
1791406407.110 476876 421974016
1791406407.315 476876 421933056
1791406407.519 476876 421961728
1791406407.724 476876 421957632
1791406407.931 476876 421965824
1791406408.137 476876 421969920
1791406408.343 476876 421957632
1791406408.548 476876 421961728
1791406408.752 476876 421961728
1791406408.957 476876 421969920
1791406409.162 476876 421969920
1791406409.367 476876 421933056
1791406409.572 476876 421933056
1791406409.778 476876 421969920
1791406409.984 477128 421974016
1791406410.192 477128 421937152
1791406410.401 477128 421961728
1791406410.608 477128 421957632
1791406410.814 477128 421969920
1791406411.020 477128 421969920
1791406411.225 477128 421933056
1791406411.429 477128 421933056
1791406411.634 477128 421969920
1791406411.839 477128 421969920
1791406412.043 477128 421978112
1791406412.248 477120 421965824
1791406412.452 477120 421969920
1791406412.657 477120 421978112
1791406412.862 477120 421978112
1791406413.066 477120 421978112
1791406413.271 477120 421978112
1791406413.475 477120 421978112
1791406413.681 477120 421941248
1791406413.886 477120 421941248
1791406414.092 477120 421974016
1791406414.297 477120 421974016
1791406414.503 477120 421978112
1791406414.709 477120 421965824
1791406414.914 477120 421933056
1791406415.119 477120 421974016
1791406415.323 477120 421974016
1791406415.529 477120 421961728
1791406415.734 477120 421965824
1791406415.939 477120 421945344
1791406416.144 477120 421974016
1791406416.349 477120 421974016
1791406416.553 477120 421965824
1791406416.758 477120 421961728
1791406416.964 477120 421974016
1791406417.168 477120 421974016
1791406417.374 477120 421974016
1791406417.578 477120 421937152
1791406417.783 477120 421937152
1791406417.988 477120 421974016
1791406418.193 477120 421974016
1791406418.398 477120 421961728
1791406418.604 477120 421961728
1791406418.808 477120 421961728
1791406419.013 477120 421978112
1791406419.218 477120 421978112
1791406419.422 477120 421941248
1791406419.627 477120 421941248
1791406419.833 477120 421978112
1791406420.038 477120 421974016
1791406420.243 477120 421974016
1791406420.448 477120 421961728
1791406420.651 477120 421965824
1791406420.856 477120 421974016
1791406421.060 477120 421978112
1791406421.264 477120 421941248
1791406421.469 477120 421941248
1791406421.673 477120 421941248
1791406421.878 477120 421978112
1791406422.082 477120 421974016
1791406422.287 477120 421961728
1791406422.491 477120 421961728
1791406422.696 477120 421974016
1791406422.900 477120 421974016
1791406423.105 477120 421974016
1791406423.311 477120 421961728
1791406423.515 477120 422002688
1791406423.720 477120 422014976
1791406423.925 477120 422010880
1791406424.130 477120 421998592
1791406424.334 477120 421998592
1791406424.540 477120 422002688
1791406424.745 477120 422010880
1791406424.951 477120 421994496
1791406425.157 477120 422002688
1791406425.363 477120 421998592
1791406425.570 477120 422010880
1791406425.777 477120 422010880
1791406425.981 477120 422014976
1791406426.186 477120 421978112
1791406426.390 477120 421978112
1791406426.595 477120 422014976
1791406426.800 477120 422014976
1791406427.003 477120 422002688
1791406427.208 477120 422002688
1791406427.412 477120 421998592
1791406427.617 477120 422010880
1791406427.821 477120 422010880
1791406428.026 477120 421978112
1791406428.232 477120 421978112
1791406428.439 477120 422014976
1791406428.643 477120 422014976
1791406428.847 477120 422014976
1791406429.052 477120 422002688
1791406429.256 477120 422002688
1791406429.460 477120 422014976
1791406429.665 477120 422019072
1791406429.870 477120 421982208
1791406430.075 477120 422006784
1791406430.280 477120 422006784
1791406430.484 477120 422006784
1791406430.688 477120 422006784
1791406430.893 477120 422006784
1791406431.098 477120 422006784
1791406431.303 477120 422006784
1791406431.507 477120 422023168
1791406431.712 477120 422023168
1791406431.916 477120 422014976
1791406432.122 477120 422010880
1791406432.326 477120 422027264
1791406432.530 477120 422023168
1791406432.735 477120 422027264
1791406432.940 477120 422010880
1791406433.148 477120 422010880
1791406433.353 477120 422010880
1791406433.557 477120 422010880
1791406433.762 477120 422010880
1791406433.966 477120 422010880
1791406434.171 477120 422010880
1791406434.376 477120 422023168
1791406434.581 477120 422027264
1791406434.785 477120 422010880
1791406434.989 477120 422014976
1791406435.194 477120 422014976
1791406435.399 477120 422014976
1791406435.603 477120 422014976
1791406435.807 477120 422014976
1791406436.011 477120 422010880
1791406436.215 477120 422023168
1791406436.420 477120 422023168
1791406436.625 477120 422010880
1791406436.832 477120 422010880
1791406437.036 477120 422010880
1791406437.241 477120 422010880
1791406437.447 477120 422010880
1791406437.653 477120 422010880
1791406437.859 477120 422010880
1791406438.063 477120 422010880
1791406438.268 477120 422010880
1791406438.472 477120 422010880
1791406438.676 477120 422010880
1791406438.880 477120 422010880
1791406439.085 477120 422023168
1791406439.289 477120 422023168
1791406439.494 477120 422010880
1791406439.699 477120 422010880
1791406439.904 477120 422010880
1791406440.108 477120 422023168
1791406440.313 477120 422023168
1791406440.519 477120 422010880
1791406440.724 477120 422014976
1791406440.928 477120 421998592
1791406441.133 477120 422023168
1791406441.337 477120 422027264
1791406441.541 477120 422014976
1791406441.745 477120 422014976
1791406441.949 477120 422023168
1791406442.154 477120 422023168
1791406442.358 477120 421986304
1791406442.563 477120 421986304
1791406442.767 477120 421986304
1791406442.972 477120 422027264
1791406443.176 477120 422027264
1791406443.382 477120 422014976
1791406443.586 477120 422010880
1791406443.790 477120 422014976
1791406443.995 477120 422023168
1791406444.201 477120 422023168
1791406444.408 477120 421986304
1791406444.612 477120 421986304
1791406444.817 477120 422023168
1791406445.022 477120 422023168
1791406445.226 477120 422023168
1791406445.432 477120 421986304
1791406445.638 477120 421986304
1791406445.843 477120 422023168
1791406446.048 477120 422027264
1791406446.252 477120 422014976
1791406446.456 477120 422010880
1791406446.662 477120 422010880
1791406446.866 477120 422023168
1791406447.070 477120 422023168
1791406447.276 477120 421986304
1791406447.480 477120 421986304
1791406447.684 477120 422023168
1791406447.888 477120 422023168
1791406448.093 477120 422023168
1791406448.300 477120 422006784
1791406448.504 477120 422010880
1791406448.709 477120 422023168
1791406448.914 477120 422023168
1791406449.118 477120 422010880
1791406449.323 477120 422010880
1791406449.527 477120 422010880
1791406449.731 477120 422023168
1791406449.936 477120 422027264
1791406450.140 477120 421990400
1791406450.345 477120 421990400
1791406450.552 477120 422027264
1791406450.757 477120 422027264
1791406450.964 477120 422010880
1791406451.168 477120 422010880
1791406451.372 477120 422010880
1791406451.578 477120 422023168
1791406451.785 477120 422027264
1791406451.991 477120 422019072
1791406452.198 477120 421982208
1791406452.406 477120 421982208
1791406452.612 477120 422019072
1791406452.819 477120 422019072
1791406453.026 477120 422014976
1791406453.232 477120 422010880
1791406453.436 477120 422023168
1791406453.640 477120 422023168
1791406453.845 477120 422023168
1791406454.049 477120 422010880
1791406454.253 477120 422010880
1791406454.458 477120 422010880
1791406454.662 477120 422010880
1791406454.866 477120 422010880
1791406455.071 477120 422010880
1791406455.275 477120 422014976
1791406455.480 477120 422023168
1791406455.684 477120 422023168
1791406455.888 477120 422010880
1791406456.093 477120 422010880
1791406456.297 477120 422010880
1791406456.502 477120 422010880
1791406456.706 477120 422010880
1791406456.911 477120 422010880
1791406457.115 477120 422010880
1791406457.320 477120 422023168
1791406457.524 477120 422023168
1791406457.729 477120 422010880
1791406457.934 477120 421998592
1791406458.139 477120 422014976
1791406458.344 477120 422019072
1791406458.548 477120 422023168
1791406458.753 477120 422010880
1791406458.958 477120 422010880
1791406459.163 477120 422010880
1791406459.368 477120 422010880
1791406459.573 477120 422010880
1791406459.780 477120 422010880
1791406459.985 477120 422014976
1791406460.190 477120 422023168
1791406460.394 477120 422023168
1791406460.600 477120 421986304
1791406460.806 477120 422010880
1791406461.011 477120 422014976
1791406461.216 477120 422014976
1791406461.421 477120 422014976
1791406461.626 477120 422014976
1791406461.831 477120 422014976
1791406462.038 477120 422014976
1791406462.243 477120 422023168
1791406462.450 477120 422023168
1791406462.656 477120 422010880
1791406462.861 477120 422014976
1791406463.068 477120 422014976
1791406463.273 477120 422014976
1791406463.480 477120 422014976
1791406463.686 477120 422014976
1791406463.892 477120 422014976
1791406464.100 477120 422023168
1791406464.306 477120 422023168
1791406464.512 477120 422010880
1791406464.719 477120 422014976
1791406464.926 477120 422031360
1791406465.132 477120 422023168
1791406465.337 477120 422027264
1791406465.543 477120 422010880
1791406465.748 477120 422010880
1791406465.952 477120 422023168
1791406466.158 477120 422023168
1791406466.364 477120 421986304
1791406466.570 477120 421986304
1791406466.775 477120 421986304
1791406466.980 477120 422023168
1791406467.185 477120 422023168
1791406467.389 477120 422014976
1791406467.594 477120 422014976
1791406467.799 477120 422010880
1791406468.003 477120 422023168
1791406468.207 477120 422023168
1791406468.412 477120 421986304
1791406468.616 477120 421986304
1791406468.820 477120 422023168
1791406469.025 477120 422027264
1791406469.230 477120 421990400
1791406469.434 477120 422010880
1791406469.638 477120 422014976
1791406469.842 477120 422023168
1791406470.047 477120 422023168
1791406470.251 477120 421986304
1791406470.456 477120 421986304
1791406470.660 477120 421986304
1791406470.864 477120 422023168
1791406471.069 477120 422031360
1791406471.275 477112 422019072
1791406471.482 477112 422023168
1791406471.689 477112 422031360
1791406471.894 477112 422031360
1791406472.099 477112 422031360
1791406472.306 477112 421994496
1791406472.512 477112 421994496
1791406472.717 477112 422031360
1791406472.921 477112 422031360
1791406473.126 477104 422088704
1791406473.331 477104 422088704
1791406473.536 477104 422088704
1791406473.741 477112 422064128
1791406473.949 477112 422039552
1791406474.155 477112 422076416
1791406474.360 477112 422076416
1791406474.564 477112 422068224
1791406474.769 477112 422064128
1791406474.974 477112 422068224
1791406475.179 477112 422068224
1791406475.384 477112 422068224
1791406475.590 477112 422068224
1791406475.795 477112 422068224
1791406476.000 477112 422072320
1791406476.205 477112 422076416
1791406476.410 477112 422080512
1791406476.615 477112 422064128
1791406476.820 477112 422064128
1791406477.025 477112 422076416
1791406477.231 477112 422076416
1791406477.437 477112 422039552
1791406477.643 477112 422039552
1791406477.849 477112 422039552
1791406478.054 477112 422076416
1791406478.259 477112 422076416
1791406478.464 477112 422039552
1791406478.668 477112 422039552
1791406478.873 477112 422076416
1791406479.078 477112 422076416
1791406479.283 477112 422076416
1791406479.488 477112 422068224
1791406479.692 477112 422064128
1791406479.897 477112 422076416
1791406480.102 477112 422080512
1791406480.307 477112 422043648
1791406480.511 477112 422043648
1791406480.716 477112 422043648
1791406480.921 477112 422080512
1791406481.125 477112 422072320
1791406481.330 477112 422064128
1791406481.534 477112 422068224
1791406481.739 477112 422076416
1791406481.943 477112 422080512
1791406482.147 477112 422080512
1791406482.352 477112 422043648
1791406482.556 477112 422043648
1791406482.761 477112 422080512
1791406482.965 477112 422047744
1791406483.170 477112 422064128
1791406483.374 477112 422064128
1791406483.579 477112 422064128
1791406483.783 477112 422076416
1791406483.989 477112 422080512
1791406484.193 477112 422043648
1791406484.397 477112 422043648
1791406484.601 477112 422080512
1791406484.805 477112 422080512
1791406485.010 477112 422080512
1791406485.215 477112 422060032
1791406485.419 477112 422064128
1791406485.623 477112 422080512
1791406485.828 477112 422076416
1791406486.034 477112 422039552
1791406486.239 477112 422039552
1791406486.444 477112 422039552
1791406486.649 477112 422076416
1791406486.854 477112 422076416
1791406487.059 477112 422068224
1791406487.264 477112 422064128
1791406487.469 477112 422064128
1791406487.675 477112 422080512
1791406487.882 477112 422076416
1791406488.087 477112 422068224
1791406488.292 477112 422068224
1791406488.496 477112 422080512
1791406488.701 477112 422076416
1791406488.905 477112 422076416
1791406489.110 477112 422068224
1791406489.315 477112 422068224
1791406489.520 477112 422068224
1791406489.725 477112 422068224
1791406489.929 477112 422072320
1791406490.134 477112 422064128
1791406490.339 477112 422064128
1791406490.543 477112 422080512
1791406490.748 477112 422080512
1791406490.953 477112 422064128
1791406491.158 477112 422064128
1791406491.364 477112 422064128
1791406491.569 477112 422064128
1791406491.774 477112 422064128
1791406491.978 477112 422064128
1791406492.183 477112 422064128
1791406492.387 477112 422064128
1791406492.592 477112 422064128
1791406492.797 477112 422064128
1791406493.001 477112 422064128
1791406493.206 477112 422060032
1791406493.411 477112 422080512
1791406493.615 477112 422076416
1791406493.821 477112 422068224
1791406494.027 477112 422064128
1791406494.233 477112 422064128
1791406494.439 477112 422064128
1791406494.644 477112 422064128
1791406494.848 477112 422064128
1791406495.053 477112 422068224
1791406495.258 477112 422076416
1791406495.463 477112 422076416
1791406495.669 477112 422068224
1791406495.875 477112 422072320
1791406496.081 477112 422068224
1791406496.287 477112 422068224
1791406496.491 477112 422068224
1791406496.695 477112 422068224
1791406496.900 477112 422068224
1791406497.107 477112 422080512
1791406497.313 477112 422080512
1791406497.519 477112 422080512
1791406497.725 477112 422068224
1791406497.930 477112 422055936
1791406498.136 477112 422076416
1791406498.341 477112 422080512
1791406498.547 477112 422068224
1791406498.751 477112 422068224
1791406498.955 477112 422072320
1791406499.160 477112 422072320
1791406499.367 477112 422072320
1791406499.572 477112 422072320
1791406499.776 477112 422072320
1791406499.981 477112 422072320
1791406500.187 477112 422072320
1791406500.392 477112 422072320
1791406500.598 477112 422072320
1791406500.804 477112 422072320
1791406501.008 477112 422088704
1791406501.213 477112 422084608
1791406501.419 477112 422076416
1791406501.623 477112 422039552
1791406501.830 477112 422076416
1791406502.035 477112 422084608
1791406502.240 477112 422084608
1791406502.446 477112 422047744
1791406502.652 477112 422047744
1791406502.857 477112 422084608
1791406503.063 477112 422088704
1791406503.268 477112 422092800
1791406503.473 477112 422072320
1791406503.681 477112 422072320
1791406503.888 477112 422084608
1791406504.095 477112 422088704
1791406504.302 477112 422051840
1791406504.507 477112 422051840
1791406504.713 477112 422051840
1791406504.917 477112 422088704
1791406505.122 477112 422088704
1791406505.328 477112 422072320
1791406505.534 477112 422076416
1791406505.739 477112 422084608
1791406505.943 477112 422064128
1791406506.147 477112 422084608
1791406506.352 477112 422076416
1791406506.557 477112 422076416
1791406506.763 477112 422088704
1791406506.967 477112 422060032
1791406507.172 477112 422072320
1791406507.378 477112 422072320
1791406507.584 477112 422072320
1791406507.789 477112 422088704
1791406507.995 477112 422084608
1791406508.201 477112 422047744
1791406508.408 477112 422047744
1791406508.615 477112 422084608
1791406508.823 477112 422084608
1791406509.029 477112 422084608
1791406509.236 477112 422072320
1791406509.443 477112 422076416
1791406509.649 477112 422088704
1791406509.854 477112 422088704
1791406510.059 477112 422051840
1791406510.263 477112 422051840
1791406510.469 477112 422051840
1791406510.674 477112 422088704
1791406510.878 477112 422088704
1791406511.083 477112 422076416
1791406511.288 477112 422076416
1791406511.494 477112 422088704
1791406511.699 477112 422084608
1791406511.903 477112 422084608
1791406512.109 477112 422072320
1791406512.315 477112 422068224
1791406512.521 477112 422088704
1791406512.726 477112 422084608
1791406512.931 477112 422076416
1791406513.137 477112 422076416
1791406513.342 477112 422076416
1791406513.547 477112 422076416
1791406513.751 477112 422076416
1791406513.956 477112 422072320
1791406514.160 477112 422072320
1791406514.364 477112 422084608
1791406514.570 477112 422084608
1791406514.774 477112 422084608
1791406514.978 477112 422072320
1791406515.183 477112 422072320
1791406515.389 477112 422072320
1791406515.594 477112 422072320
1791406515.799 477112 422072320
1791406516.004 477112 422072320
1791406516.210 477112 422072320
1791406516.415 477112 422084608
1791406516.619 477112 422088704
1791406516.824 477112 422072320
1791406517.029 477112 422072320
1791406517.233 477112 422072320
1791406517.439 477112 422072320
1791406517.645 477112 422072320
1791406517.852 477112 422072320
1791406518.058 477112 422076416
1791406518.263 477112 422084608
1791406518.468 477112 422084608
1791406518.673 477112 422047744
1791406518.878 477112 422068224
1791406519.083 477112 422072320
1791406519.288 477112 422072320
1791406519.493 477112 422072320
1791406519.698 477112 422072320
1791406519.903 477112 422072320
1791406520.109 477112 422076416
1791406520.315 477112 422084608
1791406520.520 477112 422084608
1791406520.725 477112 422072320
1791406520.929 477112 422072320
1791406521.134 477112 422072320
1791406521.338 477112 422072320
1791406521.544 477112 422072320
1791406521.751 477112 422072320
1791406521.957 477112 422076416
1791406522.162 477112 422084608
1791406522.367 477112 422084608
1791406522.571 477112 422072320
1791406522.776 477112 422072320
1791406522.981 477112 422072320
1791406523.187 477112 422072320
1791406523.391 477112 422072320
1791406523.597 477112 422072320
1791406523.803 477112 422072320
1791406524.007 477112 422088704
1791406524.212 477112 422080512
1791406524.417 477112 422084608
1791406524.621 477112 422072320
1791406524.825 477112 422072320
1791406525.030 477112 422088704
1791406525.234 477112 422088704
1791406525.438 477112 422051840
1791406525.642 477112 422051840
1791406525.849 477112 422051840
1791406526.054 477112 422084608
1791406526.259 477112 422084608
1791406526.463 477112 422072320
1791406526.670 477112 422076416
1791406526.874 477112 422084608
1791406527.080 477112 422080512
1791406527.284 477112 422080512
1791406527.489 477112 422043648
1791406527.694 477112 422043648
1791406527.899 477112 422080512
1791406528.104 477112 422088704
1791406528.309 477112 422076416
1791406528.516 477112 422072320
1791406528.723 477112 422076416
1791406528.929 477112 422055936
1791406529.133 477112 422084608
1791406529.339 477112 422072320
1791406529.544 477112 422072320
1791406529.749 477112 422084608
1791406529.955 477112 422060032
1791406530.160 477112 422084608
1791406530.365 477112 422072320
1791406530.570 477112 422072320
1791406530.775 477112 422088704
1791406530.980 477112 422088704
1791406531.184 477112 422051840
1791406531.389 477112 422051840
1791406531.595 477112 422051840
1791406531.801 477112 422088704
1791406532.007 477104 422092800
1791406532.212 477104 422080512
1791406532.419 477104 422080512
1791406532.623 477104 422092800
1791406532.827 477104 422092800
1791406533.031 477104 422096896
1791406533.235 477104 422096896
1791406533.440 477104 422096896
1791406533.644 477104 422060032
1791406533.849 477104 422060032
1791406534.053 477104 422100992
1791406534.258 477104 422100992
1791406534.462 477104 422100992
1791406534.667 477104 422088704
1791406534.871 477104 422092800
1791406535.075 477104 422088704
1791406535.279 477104 422088704
1791406535.484 477104 422088704
1791406535.688 477104 422088704
1791406535.893 477104 422088704
1791406536.098 477104 422088704
1791406536.303 477104 422088704
1791406536.507 477104 422088704
1791406536.713 477104 422088704
1791406536.919 477104 422088704
1791406537.125 477104 422100992
1791406537.330 477104 422100992
1791406537.535 477104 422088704
1791406537.741 477104 422084608
1791406537.947 477104 422096896
1791406538.153 477104 422100992
1791406538.357 477104 422068224
1791406538.561 477104 422088704
1791406538.767 477104 422088704
1791406538.972 477104 422100992
1791406539.178 477104 422100992
1791406539.382 477104 422064128
1791406539.586 477104 422064128
1791406539.791 477104 422100992
1791406539.996 477104 422105088
1791406540.200 477104 422105088
1791406540.407 477104 422092800
1791406540.612 477104 422092800
1791406540.818 477104 422100992
1791406541.025 477104 422100992
1791406541.231 477104 422064128
1791406541.436 477104 422064128
1791406541.641 477104 422064128
1791406541.846 477104 422100992
1791406542.051 477104 422100992
1791406542.257 477104 422092800
1791406542.463 477104 422092800
1791406542.668 477104 422092800
1791406542.875 477104 422105088
1791406543.081 477104 422100992
1791406543.287 477104 422064128
1791406543.492 477104 422064128
1791406543.697 477104 422137856
1791406543.902 477104 421953536
1791406544.107 477104 421924864
1791406544.313 477104 421949440
1791406544.518 477104 421949440
1791406544.723 477104 421961728
1791406544.928 477104 421928960
1791406545.133 477104 421945344
1791406545.337 477104 421945344
1791406545.542 477104 421949440
1791406545.746 477104 421961728
1791406545.951 477104 421961728
1791406546.156 477104 421924864
1791406546.361 477104 421924864
1791406546.565 477104 421961728
1791406546.771 477104 421961728
1791406546.979 477104 421957632
1791406547.184 477104 421945344
1791406547.389 477104 421945344
1791406547.595 477104 421957632
1791406547.803 477104 421961728
1791406548.008 477104 421945344
1791406548.213 477104 421949440
1791406548.421 477104 421949440
1791406548.628 477104 421957632
1791406548.834 477104 421957632
1791406549.039 477104 421949440
1791406549.244 477104 421949440
1791406549.449 477104 421949440
1791406549.654 477104 421949440
1791406549.859 477104 421949440
1791406550.064 477104 421945344
1791406550.268 477104 421945344
1791406550.473 477104 421957632
1791406550.677 477104 421961728
1791406550.882 477104 421945344
1791406551.086 477104 421949440
1791406551.290 477104 421949440
1791406551.495 477104 421949440
1791406551.699 477104 421949440
1791406551.903 477104 421949440
1791406552.108 477104 421941248
1791406552.312 477104 421961728
1791406552.517 477104 421961728
1791406552.721 477104 421957632
1791406552.926 477104 421928960
1791406553.130 477104 421945344
1791406553.335 477104 421961728
1791406553.539 477104 421957632
1791406553.744 477104 421945344
1791406553.948 477104 421933056
1791406554.153 477104 421945344
1791406554.358 477104 421953536
1791406554.563 477104 421957632
1791406554.768 477104 421945344
1791406554.973 477104 421945344
1791406555.177 477104 421945344
1791406555.382 477104 421945344
1791406555.587 477104 421945344
1791406555.792 477104 421945344
1791406555.997 477104 421945344
1791406556.201 477104 421957632
1791406556.406 477104 421961728
1791406556.611 477104 421945344
1791406556.815 477104 421945344
1791406557.019 477104 421945344
1791406557.224 477104 421945344
1791406557.428 477104 421945344
1791406557.633 477104 421945344
1791406557.837 477104 421945344
1791406558.042 477104 421957632
1791406558.247 477104 421957632
1791406558.452 477104 421961728
1791406558.657 477104 421945344
1791406558.863 477104 421945344
1791406559.069 477104 421945344
1791406559.274 477104 421945344
1791406559.479 477104 421945344
1791406559.684 477104 421945344
1791406559.890 477104 421945344
1791406560.095 477104 421961728
1791406560.299 477104 421961728
1791406560.505 477104 421945344
1791406560.712 477104 421945344
1791406560.917 477104 421949440
1791406561.122 477104 421957632
1791406561.326 477104 421961728
1791406561.531 477104 421949440
1791406561.735 477104 421945344
1791406561.939 477104 421937152
1791406562.144 477104 421961728
1791406562.349 477104 421920768
1791406562.555 477104 421945344
1791406562.759 477104 421945344
1791406562.964 477104 421957632
1791406563.168 477104 421957632
1791406563.373 477104 421920768
1791406563.577 477104 421920768
1791406563.782 477104 421920768
1791406563.988 477104 421961728
1791406564.192 477104 421957632
1791406564.397 477104 421945344
1791406564.601 477104 421945344
1791406564.805 477104 421957632
1791406565.010 477104 421957632
1791406565.214 477104 421957632
1791406565.418 477104 421920768
1791406565.624 477104 421920768
1791406565.828 477104 421957632
1791406566.032 477104 421957632
1791406566.237 477104 421949440
1791406566.441 477104 421949440
1791406566.645 477104 421945344
1791406566.849 477104 421957632
1791406567.054 477104 421957632
1791406567.258 477104 421920768
1791406567.462 477104 421920768
1791406567.667 477104 421957632
1791406567.872 477104 421957632
1791406568.078 477104 421957632
1791406568.284 477104 421945344
1791406568.489 477104 421945344
1791406568.694 477104 421957632
1791406568.898 477104 421957632
1791406569.103 477104 421924864
1791406569.307 477104 421924864
1791406569.511 477104 421924864
1791406569.716 477104 421961728
1791406569.921 477104 421933056
1791406570.125 477104 421949440
1791406570.330 477104 421945344
1791406570.535 477104 421961728
1791406570.740 477104 421957632
1791406570.945 477104 421961728
1791406571.151 477104 421924864
1791406571.356 477104 421924864
1791406571.561 477104 421961728
1791406571.766 477104 421961728
1791406571.972 477104 421945344
1791406572.176 477104 421945344
1791406572.381 477104 421945344
1791406572.587 477104 421961728
1791406572.792 477104 421957632
1791406572.997 477104 421945344
1791406573.201 477104 421945344
1791406573.406 477104 421945344
1791406573.610 477104 421945344
1791406573.814 477104 421945344
1791406574.019 477104 421949440
1791406574.223 477104 421945344
1791406574.428 477104 421957632
1791406574.632 477104 421957632
1791406574.836 477104 421920768
1791406575.041 477104 421945344
1791406575.245 477104 421945344
1791406575.450 477104 421945344
1791406575.655 477104 421945344
1791406575.860 477104 421945344
1791406576.065 477104 421945344
1791406576.269 477104 421945344
1791406576.474 477104 421957632
1791406576.680 477104 421961728
1791406576.884 477104 421945344
1791406577.089 477104 421945344
1791406577.294 477104 421945344
1791406577.498 477104 421945344
1791406577.704 477104 421945344
1791406577.911 477104 421945344
1791406578.117 477104 421945344
1791406578.321 477104 421945344
1791406578.526 477104 421945344
1791406578.730 477104 421945344
1791406578.935 477104 421945344
1791406579.139 477104 421945344
1791406579.343 477104 421945344
1791406579.548 477104 421945344
1791406579.753 477104 421945344
1791406579.958 477104 421949440
1791406580.162 477104 421957632
1791406580.366 477104 421957632
1791406580.573 477104 421957632
1791406580.779 477104 421945344
1791406580.984 477104 421945344
1791406581.189 477104 421945344
1791406581.393 477104 421945344
1791406581.598 477104 421945344
1791406581.802 477104 421945344
1791406582.007 477104 421949440
1791406582.211 477104 421957632
1791406582.416 477104 421961728
1791406582.620 477104 421949440
1791406582.825 477104 421945344
1791406583.030 477104 421945344
1791406583.235 477104 421945344
1791406583.440 477104 421945344
1791406583.644 477104 421945344
1791406583.849 477104 421945344
1791406584.054 477104 421961728
1791406584.259 477104 421957632
1791406584.464 477104 421949440
1791406584.669 477104 421945344
1791406584.875 477104 421945344
1791406585.080 477104 421961728
1791406585.286 477104 421961728
1791406585.492 477104 421924864
1791406585.696 477104 421924864
1791406585.903 477104 421961728
1791406586.111 477104 421957632
1791406586.316 477104 421961728
1791406586.523 477104 421945344
1791406586.730 477104 421945344
1791406586.935 477104 421961728
1791406587.140 477104 421961728
1791406587.347 477104 421924864
1791406587.553 477104 421924864
1791406587.760 477104 421924864
1791406587.967 477104 421969920
1791406588.176 477104 421974016
1791406588.382 477104 421965824
1791406588.587 477104 421969920
1791406588.792 477104 421982208
1791406588.997 477104 421978112
1791406589.204 477104 421978112
1791406589.410 477104 421941248
1791406589.617 477104 421941248
1791406589.825 477104 421978112
1791406590.032 477104 421978112
1791406590.236 477104 421978112
1791406590.441 477104 421978112
1791406590.645 477104 421974016
1791406590.849 477104 421986304
1791406591.054 477104 421990400
1791406591.258 477104 421953536
1791406591.463 477104 421953536
1791406591.667 477104 421990400
1791406591.871 477104 421990400
1791406592.075 477096 421998592
1791406592.280 477096 421982208
1791406592.484 477096 421982208
1791406592.688 477096 421961728
1791406592.893 477096 421994496
1791406593.097 477096 422035456
1791406593.301 477096 422035456
1791406593.506 477096 422035456
1791406593.711 477096 421998592
1791406593.916 477096 422027264
1791406594.122 477096 422031360
1791406594.325 477096 422027264
1791406594.530 477096 422019072
1791406594.735 477096 422019072
1791406594.939 477096 422023168
1791406595.144 477096 422023168
1791406595.349 477096 422023168
1791406595.554 477096 422023168
1791406595.759 477096 422023168
1791406595.963 477096 422031360
1791406596.167 477096 421998592
1791406596.372 477096 422031360
1791406596.578 477096 422023168
1791406596.783 477096 422019072
1791406596.988 477096 422035456
1791406597.192 477096 422031360
1791406597.398 477096 421998592
1791406597.604 477096 422027264
1791406597.810 477096 422023168
1791406598.015 477096 422039552
1791406598.221 477096 422039552
1791406598.427 477096 422002688
1791406598.632 477096 422002688
1791406598.836 477096 422039552
1791406599.041 477096 422035456
1791406599.245 477096 422039552
1791406599.449 477096 422023168
1791406599.654 477096 422023168
1791406599.858 477096 422035456
1791406600.062 477096 422035456
1791406600.267 477096 422035456
1791406600.471 477096 421998592
1791406600.676 477096 421998592
1791406600.880 477096 422035456
1791406601.085 477096 422035456
1791406601.292 477096 422023168
1791406601.498 477096 422023168
1791406601.702 477096 422023168
1791406601.908 477096 422039552
1791406602.112 477096 422039552
1791406602.317 477096 422023168
1791406602.521 477096 422027264
1791406602.726 477096 422039552
1791406602.931 477096 422039552
1791406603.136 477096 422039552
1791406603.341 477096 422002688
1791406603.546 477096 422002688
1791406603.750 477096 422039552
1791406603.955 477096 422035456
1791406604.160 477096 422027264
1791406604.364 477096 422023168
1791406604.569 477096 422023168
1791406604.773 477096 422039552
1791406604.978 477096 422035456
1791406605.183 477096 421998592
1791406605.388 477096 421998592
1791406605.593 477096 422035456
1791406605.798 477096 422035456
1791406606.002 477096 422039552
1791406606.207 477096 422027264
1791406606.412 477096 422023168
1791406606.618 477096 422035456
1791406606.823 477096 422035456
1791406607.028 477096 421998592
1791406607.232 477096 421998592
1791406607.438 477096 421998592
1791406607.643 477096 422035456
1791406607.848 477096 422035456
1791406608.052 477096 422027264
1791406608.257 477096 422027264
1791406608.461 477096 422035456
1791406608.665 477096 422035456
1791406608.870 477096 422035456
1791406609.075 477096 422023168
1791406609.279 477096 422023168
1791406609.483 477096 422023168
1791406609.688 477096 422023168
1791406609.892 477096 422023168
1791406610.097 477096 422027264
1791406610.302 477096 422027264
1791406610.506 477096 422039552
1791406610.712 477096 422043648
1791406610.918 477096 422006784
1791406611.124 477096 422023168
1791406611.330 477096 422043648
1791406611.535 477096 422039552
1791406611.740 477096 422039552
1791406611.945 477096 422010880
1791406612.150 477096 422027264
1791406612.355 477096 422039552
1791406612.561 477096 422043648
1791406612.766 477096 422027264
1791406612.971 477096 422027264
1791406613.176 477096 422027264
1791406613.381 477096 422027264
1791406613.585 477096 422027264
1791406613.790 477096 422027264
1791406613.994 477128 422031360
1791406614.198 477128 422027264
1791406614.403 477128 422039552
1791406614.609 477128 422039552
1791406614.814 477128 422031360
1791406615.018 477128 422031360
1791406615.223 477128 422031360
1791406615.428 477128 422031360
1791406615.634 477128 422031360
1791406615.838 477128 422031360
1791406616.043 477128 422027264
1791406616.247 477128 422043648
1791406616.452 477128 422039552
1791406616.657 477128 422031360
1791406616.862 477128 422031360
1791406617.066 477128 422027264
1791406617.271 477128 422027264
1791406617.475 477128 422027264
1791406617.680 477128 422027264
1791406617.885 477128 422027264
1791406618.090 477128 422039552
1791406618.295 477128 422043648
1791406618.501 477128 422039552
1791406618.706 477128 422027264
1791406618.912 477128 422027264
1791406619.117 477128 422043648
1791406619.322 477128 422035456
1791406619.527 477128 422031360
1791406619.732 477128 422027264
1791406619.936 477128 421998592
1791406620.140 477128 422039552
1791406620.345 477128 422039552
1791406620.550 477128 422027264
1791406620.754 477128 422027264
1791406620.958 477128 422039552
1791406621.163 477128 422039552
1791406621.368 477128 422039552
1791406621.572 477128 422002688
1791406621.777 477128 422002688
1791406621.981 477128 422043648
1791406622.186 477128 422043648
1791406622.391 477128 422031360
1791406622.595 477128 422031360
1791406622.799 477128 422027264
1791406623.004 477128 422039552
1791406623.210 477128 422039552
1791406623.416 477128 422002688
1791406623.620 477128 422002688
1791406623.825 477128 422039552
1791406624.030 477128 422043648
1791406624.235 477128 422039552
1791406624.439 477128 422023168
1791406624.644 477128 422027264
1791406624.848 477128 422039552
1791406625.052 477128 422043648
1791406625.257 477128 422006784
1791406625.461 477128 422006784
1791406625.666 477128 422006784
1791406625.870 477128 422043648
1791406626.075 477128 422039552
1791406626.279 477128 422027264
1791406626.484 477128 422031360
1791406626.688 477128 422039552
1791406626.892 477128 422043648
1791406627.097 477128 422039552
1791406627.302 477128 422031360
1791406627.506 477128 422027264
1791406627.711 477128 422039552
1791406627.915 477128 422043648
1791406628.121 477128 422027264
1791406628.326 477128 422031360
1791406628.531 477128 422027264
1791406628.735 477128 422039552
1791406628.940 477128 422039552
1791406629.144 477128 422002688
1791406629.349 477128 422002688
1791406629.555 477128 422039552
1791406629.759 477128 422039552
1791406629.964 477128 422023168
1791406630.168 477128 422031360
1791406630.372 477128 422023168
1791406630.577 477128 422039552
1791406630.781 477128 422039552
1791406630.987 477128 422006784
1791406631.193 477128 422006784
1791406631.398 477128 422006784
1791406631.603 477128 422043648
1791406631.807 477128 422043648
1791406632.012 477128 422023168
1791406632.216 477128 422027264
1791406632.420 477128 422031360
1791406632.626 477128 422043648
1791406632.830 477128 422039552
1791406633.035 477128 422027264
1791406633.239 477128 422027264
1791406633.444 477128 422027264
1791406633.648 477128 422027264
1791406633.854 477128 422027264
1791406634.060 477128 422027264
1791406634.266 477128 422027264
1791406634.471 477128 422039552
1791406634.675 477128 422039552
1791406634.880 477128 422027264
1791406635.085 477128 422027264
1791406635.290 477128 422027264
1791406635.495 477128 422027264
1791406635.699 477128 422027264
1791406635.903 477128 422027264
1791406636.108 477128 422027264
1791406636.313 477128 422039552
1791406636.517 477128 422039552
1791406636.722 477128 422039552
1791406636.927 477128 422010880
1791406637.132 477128 422027264
1791406637.337 477128 422039552
1791406637.542 477128 422039552
1791406637.746 477128 422027264
1791406637.951 477128 422027264
1791406638.155 477128 422027264
1791406638.359 477128 422027264
1791406638.564 477128 422027264
1791406638.768 477128 422027264
1791406638.972 477128 422027264
1791406639.177 477128 422039552
1791406639.381 477128 422043648
1791406639.586 477128 422039552
1791406639.790 477128 422027264
1791406639.994 477128 421998592
1791406640.198 477128 422043648
1791406640.403 477128 422039552
1791406640.607 477128 422027264
1791406640.811 477128 422027264
1791406641.016 477128 422031360
1791406641.221 477128 422031360
1791406641.426 477128 422031360
1791406641.630 477128 421994496
1791406641.835 477128 422031360
1791406642.039 477128 422039552
1791406642.244 477128 422043648
1791406642.450 477128 422043648
1791406642.653 477128 422027264
1791406642.859 477128 422031360
1791406643.064 477128 422023168
1791406643.268 477128 422023168
1791406643.473 477128 422023168
1791406643.677 477128 422023168
1791406643.883 477128 422023168
1791406644.089 477128 422035456
1791406644.296 477128 422039552
1791406644.501 477128 422027264
1791406644.705 477128 422027264
1791406644.910 477128 422031360
1791406645.115 477128 422039552
1791406645.322 477128 422039552
1791406645.528 477128 422027264
1791406645.733 477128 422027264
1791406645.937 477128 422010880
1791406646.142 477128 422039552
1791406646.346 477128 422006784
1791406646.551 477128 422031360
1791406646.756 477128 422027264
1791406646.962 477128 422039552
1791406647.167 477128 422039552
1791406647.374 477128 422002688
1791406647.579 477128 422002688
1791406647.783 477128 422002688
1791406647.988 477128 422027264
1791406648.192 477128 422039552
1791406648.398 477128 422027264
1791406648.605 477128 422031360
1791406648.810 477128 422039552
1791406649.014 477128 422039552
1791406649.219 477128 422039552
1791406649.426 477128 422002688
1791406649.632 477128 422002688
1791406649.838 477128 422039552
1791406650.043 477128 422039552
1791406650.248 477128 422027264
1791406650.453 477128 422027264
1791406650.658 477128 422027264
1791406650.862 477128 422043648
1791406651.067 477128 422035456
1791406651.271 477128 421998592
1791406651.476 477128 421998592
1791406651.680 477128 422035456
1791406651.885 477128 422035456
1791406652.090 477120 422043648
1791406652.295 477120 422031360
1791406652.500 477120 422035456
1791406652.704 477120 422047744
1791406652.909 477120 422047744
1791406653.113 477120 422047744
1791406653.318 477120 422047744
1791406653.522 477120 422047744
1791406653.727 477120 422047744
1791406653.934 477120 422076416
1791406654.139 477120 422060032
1791406654.345 477120 422060032
1791406654.550 477120 422072320
1791406654.758 477120 422072320
1791406654.962 477120 422072320
1791406655.167 477120 422035456
1791406655.374 477120 422035456
1791406655.579 477120 422072320
1791406655.784 477120 422072320
1791406655.990 477120 422060032
1791406656.197 477120 422064128
1791406656.402 477120 422060032
1791406656.606 477120 422068224
1791406656.810 477120 422072320
1791406657.015 477120 422060032
1791406657.219 477120 422060032
1791406657.423 477120 422060032
1791406657.628 477120 422060032
1791406657.832 477120 422060032
1791406658.037 477120 422064128
1791406658.242 477120 422055936
1791406658.446 477120 422039552
1791406658.650 477120 422072320
1791406658.855 477120 422064128
1791406659.059 477120 422060032
1791406659.264 477120 422060032
1791406659.468 477120 422060032
1791406659.673 477120 422060032
1791406659.878 477120 422060032
1791406660.083 477120 422068224
1791406660.288 477120 422076416
1791406660.492 477120 422076416
1791406660.696 477120 422076416
1791406660.902 477120 422064128
1791406661.106 477120 422068224
1791406661.311 477120 422068224
1791406661.516 477120 422068224
1791406661.720 477120 422068224
1791406661.925 477120 422051840
1791406662.129 477120 422068224
1791406662.334 477120 422084608
1791406662.538 477120 422080512
1791406662.742 477120 422068224
1791406662.946 477120 422068224
1791406663.151 477120 422068224
1791406663.358 477120 422068224
1791406663.564 477120 422068224
1791406663.770 477120 422068224
1791406663.975 477120 422068224
1791406664.179 477120 422080512
1791406664.383 477120 422084608
1791406664.589 477120 422043648
1791406664.793 477120 422064128
1791406664.997 477120 422072320
1791406665.201 477120 422072320
1791406665.406 477120 422072320
1791406665.610 477120 422072320
1791406665.815 477120 422035456
1791406666.019 477120 422068224
1791406666.224 477120 422080512
1791406666.430 477120 422080512
1791406666.634 477120 422072320
1791406666.839 477120 422072320
1791406667.044 477120 422080512
1791406667.249 477120 422076416
1791406667.455 477120 422080512
1791406667.662 477120 422068224
1791406667.868 477120 422072320
1791406668.074 477120 422088704
1791406668.280 477120 422084608
1791406668.484 477120 422068224
1791406668.689 477120 422068224
1791406668.893 477120 422068224
1791406669.098 477120 422084608
1791406669.302 477120 422084608
1791406669.506 477120 422047744
1791406669.711 477120 422047744
1791406669.917 477120 422060032
1791406670.121 477120 422076416
1791406670.326 477120 422084608
1791406670.531 477120 422068224
1791406670.736 477120 422072320
1791406670.942 477120 422084608
1791406671.149 477120 422047744
1791406671.354 477120 422068224
1791406671.561 477120 422068224
1791406671.767 477120 422072320
1791406671.972 477120 422080512
1791406672.176 477120 422080512
1791406672.381 477120 422043648
1791406672.585 477120 422043648
1791406672.789 477120 422080512
1791406672.994 477120 422080512
1791406673.199 477120 422047744
1791406673.406 477120 422068224
1791406673.611 477120 422068224
1791406673.818 477120 422084608
1791406674.024 477120 422080512
1791406674.229 477120 422043648
1791406674.433 477120 422043648
1791406674.638 477120 422043648
1791406674.843 477120 422080512
1791406675.049 477120 422047744
1791406675.255 477120 422068224
1791406675.459 477120 422068224
1791406675.664 477120 422084608
1791406675.868 477120 422080512
1791406676.073 477120 422084608
1791406676.277 477120 422047744
1791406676.481 477120 422047744
1791406676.685 477120 422084608
1791406676.890 477120 422084608
1791406677.095 477120 422068224
1791406677.299 477120 422072320
1791406677.504 477120 422068224
1791406677.708 477120 422080512
1791406677.913 477120 422084608
1791406678.117 477120 422068224
1791406678.321 477120 422068224
1791406678.526 477120 422080512
1791406678.730 477120 422080512
1791406678.935 477120 422084608
1791406679.139 477120 422072320
1791406679.343 477120 422068224
1791406679.548 477120 422080512
1791406679.753 477120 422080512
1791406679.958 477120 422043648
1791406680.163 477120 422043648
1791406680.368 477120 422043648
1791406680.573 477120 422080512
1791406680.779 477120 422080512
1791406680.983 477120 422068224
1791406681.188 477120 422068224
1791406681.392 477120 422068224
1791406681.597 477120 422080512
1791406681.801 477120 422080512
1791406682.006 477120 422072320
1791406682.211 477120 422072320
1791406682.417 477120 422072320
1791406682.622 477120 422072320
1791406682.827 477120 422035456
1791406683.032 477120 422072320
1791406683.237 477120 422068224
1791406683.442 477120 422080512
1791406683.646 477120 422080512
1791406683.851 477120 422068224
1791406684.055 477120 422068224
1791406684.260 477120 422068224
1791406684.466 477120 422068224
1791406684.671 477120 422068224
1791406684.875 477120 422068224
1791406685.080 477120 422068224
1791406685.284 477120 422080512
1791406685.489 477120 422084608
1791406685.694 477120 422080512
1791406685.899 477120 422068224
1791406686.104 477120 422068224
1791406686.309 477120 422084608
1791406686.513 477120 422084608
1791406686.718 477120 422072320
1791406686.922 477120 422039552
1791406687.127 477120 422068224
1791406687.331 477120 422080512
1791406687.536 477120 422076416
1791406687.741 477120 422072320
1791406687.946 477120 422068224
1791406688.151 477120 422084608
1791406688.355 477120 422084608
1791406688.559 477120 422080512
1791406688.764 477120 422068224
1791406688.968 477120 422051840
1791406689.173 477120 422084608
1791406689.378 477120 422080512
1791406689.582 477120 422068224
1791406689.786 477120 422068224
1791406689.991 477120 422068224
1791406690.195 477120 422080512
1791406690.400 477120 422080512
1791406690.606 477120 422068224
1791406690.811 477120 422068224
1791406691.015 477120 422068224
1791406691.220 477120 422068224
1791406691.424 477120 422068224
1791406691.629 477120 422068224
1791406691.833 477120 422068224
1791406692.038 477120 422080512
1791406692.242 477120 422080512
1791406692.447 477120 422068224
1791406692.652 477120 422068224
1791406692.857 477120 422068224
1791406693.061 477120 422080512
1791406693.266 477120 422080512
1791406693.470 477120 422043648
1791406693.675 477120 422043648
1791406693.880 477120 422080512
1791406694.085 477120 422080512
1791406694.290 477120 422084608
1791406694.495 477120 422068224
1791406694.702 477120 422068224
1791406694.910 477120 422084608
1791406695.115 477120 422084608
1791406695.320 477120 422043648
1791406695.526 477120 422068224
1791406695.731 477120 422072320
1791406695.935 477120 422055936
1791406696.140 477120 422084608
1791406696.345 477120 422068224
1791406696.550 477120 422068224
1791406696.754 477120 422072320
1791406696.959 477120 422080512
1791406697.164 477120 422080512
1791406697.368 477120 422043648
1791406697.573 477120 422043648
1791406697.777 477120 422080512
1791406697.982 477120 422080512
1791406698.187 477120 422047744
1791406698.392 477120 422068224
1791406698.597 477120 422068224
1791406698.801 477120 422080512
1791406699.007 477120 422084608
1791406699.212 477120 422047744
1791406699.417 477120 422047744
1791406699.622 477120 422047744
1791406699.826 477120 422084608
1791406700.031 477120 422080512
1791406700.235 477120 422068224
1791406700.441 477120 422068224
1791406700.646 477120 422080512
1791406700.852 477120 422080512
1791406701.057 477120 422080512
1791406701.262 477120 422043648
1791406701.467 477120 422043648
1791406701.674 477120 422080512
1791406701.881 477120 422080512
1791406702.085 477120 422068224
1791406702.290 477120 422068224
1791406702.494 477120 422072320
1791406702.699 477120 422080512
1791406702.904 477120 422080512
1791406703.109 477120 422068224
1791406703.313 477120 422072320
1791406703.518 477120 422080512
1791406703.723 477120 422076416
1791406703.928 477120 422076416
1791406704.133 477120 422068224
1791406704.338 477120 422068224
1791406704.542 477120 422084608
1791406704.747 477120 422080512
1791406704.952 477120 422051840
1791406705.157 477120 422068224
1791406705.361 477120 422068224
1791406705.565 477120 422080512
1791406705.770 477876 422727680
1791406705.976 477876 422805504
1791406706.181 477876 422805504
1791406706.387 477876 422842368
1791406706.591 477876 422805504
1791406706.795 477876 422805504
1791406706.999 477876 422797312
1791406707.204 477876 422821888
1791406707.408 477876 422834176
1791406707.613 477876 422834176
1791406707.817 477876 422821888
1791406708.022 477876 422797312
1791406708.228 477876 422821888
1791406708.432 477876 422838272
1791406708.637 477876 422838272
1791406708.841 477876 422821888
1791406709.045 477876 422821888
1791406709.249 477876 422821888
1791406709.454 477876 422821888
1791406709.659 477876 422821888
1791406709.865 477876 422821888
1791406710.070 477876 422821888
1791406710.277 477876 422834176
1791406710.481 477876 422834176
1791406710.686 477876 422821888
1791406710.891 477876 422821888
1791406711.096 477876 422821888
1791406711.302 477876 422834176
1791406711.506 477876 422834176
1791406711.710 477876 422821888
1791406711.914 477876 422821888
1791406712.119 477876 422830080
1791406712.323 477868 422842368
1791406712.528 477868 422842368
1791406712.733 477868 422830080
1791406712.937 477868 422830080
1791406713.142 477868 422830080
1791406713.346 477868 422830080
1791406713.550 477868 422830080
1791406713.755 477868 422830080
1791406713.960 477868 422838272
1791406714.165 477868 422854656
1791406714.370 477868 422850560
1791406714.574 477868 422838272
1791406714.779 477868 422838272
1791406714.983 477868 422842368
1791406715.188 477868 422842368
1791406715.393 477868 422842368
1791406715.598 477868 422842368
1791406715.803 477868 422842368
1791406716.008 477868 422850560
1791406716.213 477868 422854656
1791406716.418 477868 422846464
1791406716.622 477868 422838272
1791406716.827 477868 422838272
1791406717.033 477868 422850560
1791406717.237 477868 422850560
1791406717.442 477868 422813696
1791406717.647 477868 422813696
1791406717.853 477868 422813696
1791406718.060 477868 422850560
1791406718.267 477868 422850560
1791406718.473 477868 422842368
1791406718.679 477868 422838272
1791406718.885 477868 422854656
1791406719.091 477868 422850560
1791406719.298 477868 422850560
1791406719.505 477868 422813696
1791406719.711 477868 422813696
1791406719.919 477868 422850560
1791406720.125 477868 422854656
1791406720.330 477868 422838272
1791406720.538 477868 422838272
1791406720.744 477868 422838272
1791406720.949 477868 422825984
1791406721.156 477868 422850560
1791406721.360 477868 422838272
1791406721.565 477868 422842368
1791406721.771 477868 422850560
1791406721.976 477868 422850560
1791406722.181 477868 422850560
1791406722.386 477868 422813696
1791406722.591 477868 422813696
1791406722.796 477868 422850560
1791406723.001 477868 422830080
1791406723.206 477868 422842368
1791406723.411 477868 422842368
1791406723.616 477868 422842368
1791406723.821 477868 422854656
1791406724.025 477868 422830080
1791406724.230 477868 422842368
1791406724.434 477868 422842368
1791406724.639 477868 422858752
1791406724.844 477868 422854656
1791406725.048 477868 422834176
1791406725.253 477868 422842368
1791406725.460 477868 422846464
1791406725.667 477868 422858752
1791406725.873 477868 422858752
1791406726.077 477868 422850560
1791406726.282 477868 422850560
1791406726.486 477868 422813696
1791406726.690 477868 422850560
1791406726.895 477868 422850560
1791406727.099 477868 422842368
1791406727.304 477868 422846464
1791406727.508 477868 422858752
1791406727.712 477868 422858752
1791406727.917 477868 422854656
1791406728.121 477868 422817792
1791406728.325 477868 422817792
1791406728.529 477868 422854656
1791406728.733 477868 422854656
1791406728.938 477868 422817792
1791406729.142 477868 422838272
1791406729.346 477868 422842368
1791406729.551 477868 422854656
1791406729.756 477868 422858752
1791406729.961 477868 422817792
1791406730.166 477868 422809600
1791406730.372 477868 422854656
1791406730.577 477868 422854656
1791406730.780 477868 422850560
1791406730.985 477868 422825984
1791406731.191 477868 422846464
1791406731.395 477868 422854656
1791406731.600 477868 422854656
1791406731.804 477868 422846464
1791406732.009 477868 422838272
1791406732.215 477868 422838272
1791406732.419 477868 422838272
1791406732.624 477868 422838272
1791406732.829 477868 422838272
1791406733.033 477868 422817792
1791406733.238 477868 422854656
1791406733.442 477868 422854656
1791406733.648 477868 422854656
1791406733.852 477868 422842368
1791406734.057 477868 422842368
1791406734.261 477868 422842368
1791406734.466 477868 422842368
1791406734.670 477868 422842368
1791406734.875 477868 422842368
1791406735.079 477868 422842368
1791406735.283 477868 422854656
1791406735.488 477868 422854656
1791406735.692 477868 422846464
1791406735.897 477868 422842368
1791406736.102 477868 422842368
1791406736.306 477868 422842368
1791406736.510 477868 422842368
1791406736.714 477868 422842368
1791406736.919 477868 422842368
1791406737.125 477868 422858752
1791406737.331 477868 422862848
1791406737.537 477868 422858752
1791406737.743 477868 422850560
1791406737.949 477868 422846464
1791406738.154 477868 422846464
1791406738.359 477868 422846464
1791406738.565 477868 422846464
1791406738.769 477868 422846464
1791406738.974 477868 422846464
1791406739.180 477868 422846464
1791406739.386 477868 422846464
1791406739.591 477868 422846464
1791406739.796 477868 422846464
1791406740.001 477868 422862848
1791406740.205 477868 422858752
1791406740.410 477868 422858752
1791406740.615 477868 422846464
1791406740.821 477868 422842368
1791406741.026 477868 422858752
1791406741.230 477868 422858752
1791406741.435 477868 422821888
1791406741.640 477868 422821888
1791406741.844 477868 422821888
1791406742.049 477868 422858752
1791406742.254 477868 422858752
1791406742.458 477868 422821888
1791406742.663 477868 422821888
1791406742.868 477868 422858752
1791406743.073 477868 422862848
1791406743.278 477868 422866944
1791406743.485 477868 422850560
1791406743.690 477868 422850560
1791406743.896 477868 422858752
1791406744.101 477868 422862848
1791406744.305 477868 422825984
1791406744.510 477868 422825984
1791406744.715 477868 422825984
1791406744.920 477868 422862848
1791406745.125 477868 422858752
1791406745.331 477868 422850560
1791406745.539 477868 422850560
1791406745.746 477868 422858752
1791406745.952 477868 422842368
1791406746.158 477868 422858752
1791406746.364 477868 422850560
1791406746.569 477868 422846464
1791406746.774 477868 422862848
1791406746.979 477868 422842368
1791406747.183 477868 422846464
1791406747.387 477868 422850560
1791406747.591 477868 422846464
1791406747.796 477868 422858752
1791406748.001 477868 422854656
1791406748.206 477868 422817792
1791406748.411 477868 422817792
1791406748.616 477868 422854656
1791406748.821 477868 422854656
1791406749.026 477868 422862848
1791406749.231 477868 422846464
1791406749.437 477868 422850560
1791406749.642 477868 422862848
1791406749.848 477868 422862848
1791406750.054 477868 422821888
1791406750.261 477868 422821888
1791406750.467 477868 422821888
1791406750.673 477868 422858752
1791406750.878 477868 422858752
1791406751.082 477868 422821888
1791406751.287 477868 422821888
1791406751.493 477868 422858752
1791406751.699 477868 422858752
1791406751.903 477868 422858752
1791406752.109 477868 422821888
1791406752.315 477868 422821888
1791406752.520 477868 422858752
1791406752.725 477868 422858752
1791406752.931 477868 422817792
1791406753.136 477868 422846464
1791406753.342 477868 422846464
1791406753.549 477868 422858752
1791406753.754 477868 422858752
1791406753.959 477868 422846464
1791406754.165 477868 422846464
1791406754.370 477868 422846464
1791406754.575 477868 422846464
1791406754.780 477868 422846464
1791406754.986 477868 422846464
1791406755.193 477868 422846464
1791406755.398 477868 422846464
1791406755.603 477868 422846464
1791406755.808 477868 422846464
1791406756.014 477868 422846464
1791406756.220 477868 422846464
1791406756.425 477868 422862848
1791406756.630 477868 422858752
1791406756.836 477868 422846464
1791406757.041 477868 422846464
1791406757.247 477868 422846464
1791406757.454 477868 422846464
1791406757.660 477868 422846464
1791406757.865 477868 422846464
1791406758.070 477868 422850560
1791406758.274 477868 422858752
1791406758.479 477868 422858752
1791406758.685 477868 422821888
1791406758.890 477868 422846464
1791406759.096 477868 422846464
1791406759.300 477868 422858752
1791406759.506 477868 422858752
1791406759.711 477868 422846464
1791406759.917 477868 422846464
1791406760.122 477868 422846464
1791406760.327 477868 422846464
1791406760.533 477868 422846464
1791406760.739 477868 422846464
1791406760.945 477868 422825984
1791406761.150 477868 422858752
1791406761.355 477868 422862848
1791406761.561 477868 422825984
1791406761.766 477868 422846464
1791406761.971 477868 422850560
1791406762.176 477868 422850560
1791406762.382 477868 422850560
1791406762.589 477868 422850560
1791406762.795 477868 422850560
1791406762.999 477868 422850560
1791406763.205 477868 422858752
1791406763.408 477868 422862848
1791406763.613 477868 422846464
1791406763.817 477868 422846464
1791406764.022 477868 422846464
1791406764.226 477868 422846464
1791406764.431 477868 422846464
1791406764.636 477868 422846464
1791406764.840 477868 422846464
1791406765.045 477868 422862848
1791406765.250 477868 422858752
1791406765.455 477868 422846464
1791406765.661 477868 422850560
1791406765.866 477868 422846464
1791406766.072 477868 422862848
1791406766.277 477868 422862848
1791406766.482 477868 422825984
1791406766.688 477868 422825984
1791406766.894 477868 422862848
1791406767.099 477868 422862848
1791406767.304 477868 422862848
1791406767.509 477868 422854656
1791406767.714 477868 422846464
1791406767.920 477868 422862848
1791406768.125 477868 422862848
1791406768.330 477868 422850560
1791406768.535 477868 422850560
1791406768.739 477868 422850560
1791406768.944 477868 422862848
1791406769.148 477868 422862848
1791406769.353 477868 422825984
1791406769.558 477868 422825984
1791406769.762 477868 422862848
1791406769.968 477868 422862848
1791406770.172 477868 422866944
1791406770.377 477868 422854656
1791406770.581 477868 422850560
1791406770.786 477868 422866944
1791406770.991 477868 422862848
1791406771.196 477868 422825984
1791406771.403 477868 422825984
1791406771.608 477868 422825984
1791406771.813 477868 422862848
1791406772.017 477860 422871040
1791406772.222 477860 422858752
1791406772.427 477860 422858752
1791406772.632 477860 422866944
1791406772.836 477860 422866944
1791406773.041 477860 422875136
1791406773.245 477860 422838272
1791406773.451 477860 422838272
1791406773.656 477860 422875136
1791406773.861 477860 422875136
1791406774.066 477860 422858752
1791406774.272 477860 422858752
1791406774.478 477860 422858752
1791406774.684 477860 422871040
1791406774.889 477860 422871040
1791406775.095 477860 422858752
1791406775.301 477860 422858752
1791406775.506 477860 422871040
1791406775.711 477860 422871040
1791406775.916 477860 422871040
1791406776.121 477860 422858752
1791406776.327 477860 422862848
1791406776.532 477860 422875136
1791406776.737 477860 422871040
1791406776.943 477860 422858752
1791406777.150 477860 422858752
1791406777.354 477860 422858752
1791406777.560 477860 422875136
1791406777.765 477860 422875136
1791406777.971 477860 422862848
1791406778.177 477860 422862848
1791406778.383 477860 422862848
1791406778.589 477860 422862848
1791406778.794 477860 422862848
1791406778.998 477860 422858752
1791406779.204 477860 422858752
1791406779.408 477860 422871040
1791406779.613 477860 422875136
1791406779.818 477860 422862848
1791406780.024 477860 422862848
1791406780.230 477860 422862848
1791406780.434 477860 422862848
1791406780.640 477860 422862848
1791406780.845 477860 422862848
1791406781.050 477860 422858752
1791406781.257 477860 422871040
1791406781.462 477860 422871040
1791406781.669 477860 422871040
1791406781.876 477860 422858752
1791406782.080 477860 422858752
1791406782.286 477860 422858752
1791406782.492 477860 422858752
1791406782.699 477860 422858752
1791406782.903 477860 422858752
1791406783.108 477860 422858752
1791406783.314 477860 422858752
1791406783.520 477860 422858752
1791406783.727 477860 422858752
1791406783.932 477860 422850560
1791406784.137 477860 422879232
1791406784.342 477860 422883328
1791406784.547 477860 422879232
1791406784.752 477860 422866944
1791406784.957 477860 422875136
1791406785.162 477860 422879232
1791406785.367 477860 422879232
1791406785.573 477860 422866944
1791406785.778 477860 422871040
1791406785.983 477860 422866944
1791406786.190 477860 422866944
1791406786.397 477860 422866944
1791406786.605 477860 422866944
1791406786.811 477860 422866944
1791406787.017 477860 422879232
1791406787.222 477860 422879232
1791406787.427 477860 422879232
1791406787.632 477860 422866944
1791406787.837 477860 422871040
1791406788.042 477860 422866944
1791406788.246 477860 422866944
1791406788.451 477860 422866944
1791406788.655 477860 422866944
1791406788.861 477860 422866944
1791406789.068 477860 422879232
1791406789.273 477860 422879232
1791406789.477 477860 422866944
1791406789.682 477860 422866944
1791406789.886 477860 422862848
1791406790.091 477860 422883328
1791406790.295 477860 422883328
1791406790.500 477860 422846464
1791406790.705 477860 422846464
1791406790.909 477860 422879232
1791406791.114 477860 422883328
1791406791.321 477860 422842368
1791406791.525 477860 422871040
1791406791.730 477860 422866944
1791406791.935 477860 422883328
1791406792.140 477860 422879232
1791406792.344 477860 422871040
1791406792.550 477860 422866944
1791406792.754 477860 422866944
1791406792.959 477860 422887424
1791406793.163 477860 422883328
1791406793.368 477860 422866944
1791406793.573 477860 422866944
1791406793.777 477860 422883328
1791406793.982 477860 422879232
1791406794.186 477860 422883328
1791406794.391 477860 422866944
1791406794.595 477860 422871040
1791406794.799 477860 422879232
1791406795.004 477860 422858752
1791406795.210 477860 422866944
1791406795.414 477860 422866944
1791406795.619 477860 422866944
1791406795.824 477860 422879232
1791406796.028 477860 422858752
1791406796.233 477860 422866944
1791406796.438 477860 422866944
1791406796.643 477860 422883328
1791406796.850 477860 422879232
1791406797.057 477860 422850560
1791406797.263 477860 422871040
1791406797.468 477860 422871040
1791406797.673 477860 422883328
1791406797.877 477860 422883328
1791406798.082 477860 422846464
1791406798.286 477860 422846464
1791406798.491 477860 422846464
1791406798.695 477860 422883328
1791406798.900 477860 422883328
1791406799.105 477860 422866944
1791406799.310 477860 422866944
1791406799.515 477860 422875136
1791406799.719 477860 422879232
1791406799.924 477860 422879232
1791406800.129 477860 422866944
1791406800.334 477860 422871040
1791406800.539 477860 422879232
1791406800.743 477860 422879232
1791406800.948 477860 422866944
1791406801.154 477860 422866944
1791406801.360 477860 422866944
1791406801.564 477860 422866944
1791406801.769 477860 422866944
1791406801.977 477860 422871040
1791406802.183 477860 422866944
1791406802.390 477860 422883328
1791406802.596 477860 422883328
1791406802.801 477860 422879232
1791406803.007 477860 422866944
1791406803.213 477860 422866944
1791406803.420 477860 422866944
1791406803.625 477860 422866944
1791406803.830 477860 422866944
1791406804.035 477860 422871040
1791406804.240 477860 422866944
1791406804.446 477860 422879232
1791406804.653 477860 422879232
1791406804.861 477860 422866944
1791406805.066 477860 422871040
1791406805.272 477860 422871040
1791406805.477 477860 422871040
1791406805.683 477860 422871040
1791406805.889 477860 422871040
1791406806.097 477860 422871040
1791406806.303 477860 422883328
1791406806.507 477860 422879232
1791406806.713 477860 422866944
1791406806.920 477860 422846464
1791406807.128 477860 422866944
1791406807.335 477860 422879232
1791406807.541 477860 422879232
1791406807.746 477860 422866944
1791406807.951 477860 422854656
1791406808.158 477860 422879232
1791406808.363 477860 422879232
1791406808.567 477860 422879232
1791406808.772 477860 422866944
1791406808.978 477860 422866944
1791406809.183 477860 422866944
1791406809.389 477860 422866944
1791406809.594 477860 422866944
1791406809.800 477860 422866944
1791406810.006 477860 422866944
1791406810.211 477860 422879232
1791406810.418 477860 422883328
1791406810.627 477860 422871040
1791406810.833 477860 422871040
1791406811.040 477860 422866944
1791406811.245 477860 422866944
1791406811.449 477860 422866944
1791406811.654 477860 422866944
1791406811.860 477860 422866944
1791406812.067 477860 422883328
1791406812.274 477860 422879232
1791406812.481 477860 422871040
1791406812.687 477860 422871040
1791406812.893 477860 422871040
1791406813.100 477860 422883328
1791406813.305 477860 422883328
1791406813.510 477860 422846464
1791406813.716 477860 422846464
1791406813.921 477860 422883328
1791406814.126 477860 422879232
1791406814.333 477860 422883328
1791406814.538 477860 422866944
1791406814.742 477860 422866944
1791406814.949 477860 422879232
1791406815.155 477860 422879232
1791406815.361 477860 422842368
1791406815.567 477860 422842368
1791406815.772 477860 422842368
1791406815.977 477860 422883328
1791406816.182 477860 422879232
1791406816.386 477860 422866944
1791406816.591 477860 422866944
1791406816.796 477860 422879232
1791406817.001 477860 422879232
1791406817.206 477860 422879232
1791406817.411 477860 422842368
1791406817.615 477860 422842368
1791406817.820 477860 422879232
1791406818.026 477860 422883328
1791406818.232 477860 422871040
1791406818.437 477860 422866944
1791406818.643 477860 422866944
1791406818.849 477860 422879232
1791406819.055 477860 422879232
1791406819.260 477860 422842368
1791406819.465 477860 422842368
1791406819.671 477860 422879232
1791406819.876 477860 422879232
1791406820.083 477860 422879232
1791406820.289 477860 422842368
1791406820.496 477860 422842368
1791406820.701 477860 422879232
1791406820.907 477860 422879232
1791406821.114 477860 422866944
1791406821.320 477860 422866944
1791406821.525 477860 422866944
1791406821.731 477860 422879232
1791406821.936 477860 422883328
1791406822.140 477860 422846464
1791406822.344 477860 422846464
1791406822.549 477860 422883328
1791406822.753 477860 422883328
1791406822.957 477860 422887424
1791406823.162 477860 422871040
1791406823.367 477860 422871040
1791406823.572 477860 422883328
1791406823.777 477860 422887424
1791406823.982 477860 422875136
1791406824.187 477860 422875136
1791406824.392 477860 422871040
1791406824.597 477860 422887424
1791406824.802 477860 422883328
1791406825.007 477860 422871040
1791406825.212 477860 422871040
1791406825.417 477860 422871040
1791406825.622 477860 422871040
1791406825.828 477860 422871040
1791406826.033 477860 422879232
1791406826.240 477860 422879232
1791406826.447 477860 422887424
1791406826.653 477860 422887424
1791406826.859 477860 422875136
1791406827.064 477860 422879232
1791406827.268 477860 422879232
1791406827.473 477860 422879232
1791406827.680 477860 422879232
1791406827.885 477860 422879232
1791406828.089 477860 422875136
1791406828.293 477860 422891520
1791406828.498 477860 422887424
1791406828.703 477860 422887424
1791406828.908 477860 422875136
1791406829.112 477860 422879232
1791406829.317 477860 422891520
1791406829.521 477860 422891520
1791406829.726 477860 422875136
1791406829.931 477860 422850560
1791406830.135 477860 422879232
1791406830.340 477860 422891520
1791406830.545 477860 422891520
1791406830.750 477860 422875136
1791406830.954 477860 422850560
1791406831.159 477860 422887424
1791406831.363 477852 422895616
1791406831.567 477852 422895616
1791406831.772 477852 422883328
1791406831.976 477852 422887424
1791406832.181 477852 422895616
1791406832.385 477852 422895616
1791406832.590 477852 422858752
1791406832.797 477852 422887424
1791406833.003 477852 422879232
1791406833.209 477852 422879232
1791406833.414 477852 422879232
1791406833.620 477852 422879232
1791406833.828 477852 422879232
1791406834.034 477852 422887424
1791406834.239 477852 422899712
1791406834.443 477852 422895616
1791406834.648 477852 422883328
1791406834.852 477852 422883328
1791406835.057 477852 422883328
1791406835.263 477852 422883328
1791406835.467 477852 422883328
1791406835.672 477852 422883328
1791406835.877 477852 422883328
1791406836.082 477852 422895616
1791406836.288 477852 422895616
1791406836.494 477852 422883328
1791406836.699 477852 422883328
1791406836.905 477852 422883328
1791406837.110 477852 422895616
1791406837.315 477852 422895616
1791406837.519 477852 422887424
1791406837.724 477852 422883328
1791406837.929 477852 422871040
1791406838.133 477852 422895616
1791406838.338 477852 422895616
1791406838.542 477852 422883328
1791406838.747 477852 422883328
1791406838.952 477852 422903808
1791406839.157 477852 422899712
1791406839.361 477852 422883328
1791406839.566 477852 422883328
1791406839.771 477852 422883328
1791406839.976 477852 422895616
1791406840.180 477852 422895616
1791406840.384 477852 422858752
1791406840.589 477852 422858752
1791406840.793 477852 422895616
1791406840.998 477852 422899712
1791406841.202 477852 422899712
1791406841.406 477852 422883328
1791406841.611 477852 422887424
1791406841.816 477852 422895616
1791406842.020 477852 422895616
1791406842.225 477852 422858752
1791406842.429 477852 422858752
1791406842.634 477852 422858752
1791406842.838 477852 422895616
1791406843.042 477852 422895616
1791406843.248 477852 422858752
1791406843.452 477852 422858752
1791406843.658 477852 422895616
1791406843.865 477852 422895616
1791406844.072 477852 422895616
1791406844.279 477852 422883328
1791406844.486 477852 422887424
1791406844.693 477852 422895616
1791406844.899 477852 422899712
1791406845.104 477852 422862848
1791406845.308 477852 422862848
1791406845.514 477852 422862848
1791406845.719 477852 422899712
1791406845.925 477852 422866944
1791406846.129 477852 422883328
1791406846.333 477852 422883328
1791406846.538 477852 422895616
1791406846.742 477852 422895616
1791406846.947 477852 422887424
1791406847.151 477852 422887424
1791406847.356 477852 422883328
1791406847.561 477852 422899712
1791406847.765 477852 422895616
1791406847.970 477852 422883328
1791406848.174 477852 422887424
1791406848.380 477852 422887424
1791406848.584 477852 422895616
1791406848.790 477852 422891520
1791406848.995 477852 422883328
1791406849.200 477852 422883328
1791406849.405 477852 422883328
1791406849.610 477852 422883328
1791406849.815 477852 422883328
1791406850.020 477852 422887424
1791406850.224 477852 422887424
1791406850.429 477852 422895616
1791406850.633 477852 422895616
1791406850.837 477852 422858752
1791406851.042 477852 422883328
1791406851.246 477852 422887424
1791406851.451 477852 422899712
1791406851.655 477852 422895616
1791406851.860 477852 422879232
1791406852.064 477852 422883328
1791406852.269 477852 422883328
1791406852.474 477852 422883328
1791406852.678 477852 422883328
1791406852.882 477852 422883328
1791406853.087 477852 422887424
1791406853.292 477852 422899712
1791406853.496 477852 422895616
1791406853.701 477852 422895616
1791406853.906 477852 422883328
1791406854.111 477852 422883328
1791406854.316 477852 422899712
1791406854.522 477852 422895616
1791406854.728 477852 422883328
1791406854.933 477852 422883328
1791406855.138 477852 422883328
1791406855.344 477852 422883328
1791406855.548 477852 422883328
1791406855.754 477852 422883328
1791406855.960 477852 422883328
1791406856.165 477852 422899712
1791406856.369 477852 422895616
1791406856.575 477852 422895616
1791406856.780 477852 422883328
1791406856.984 477852 422887424
1791406857.189 477852 422887424
1791406857.394 477852 422887424
1791406857.599 477852 422887424
1791406857.803 477852 422887424
1791406858.008 477852 422883328
1791406858.212 477852 422895616
1791406858.417 477852 422895616
1791406858.623 477852 422883328
1791406858.828 477852 422883328
1791406859.033 477852 422887424
1791406859.238 477852 422887424
1791406859.443 477852 422887424
1791406859.647 477852 422887424
1791406859.853 477852 422887424
1791406860.058 477852 422895616
1791406860.262 477852 422891520
1791406860.467 477852 422887424
1791406860.671 477852 422883328
1791406860.875 477852 422883328
1791406861.080 477852 422899712
1791406861.285 477852 422899712
1791406861.489 477852 422862848
1791406861.695 477852 422862848
1791406861.902 477852 422899712
1791406862.109 477852 422895616
1791406862.316 477852 422895616
1791406862.520 477852 422879232
1791406862.725 477852 422883328
1791406862.930 477852 422871040
1791406863.134 477852 422899712
1791406863.338 477852 422883328
1791406863.544 477852 422883328
1791406863.750 477852 422883328
1791406863.955 477852 422899712
1791406864.161 477852 422899712
1791406864.368 477852 422862848
1791406864.572 477852 422862848
1791406864.777 477852 422899712
1791406864.982 477852 422895616
1791406865.187 477852 422895616
1791406865.392 477852 422883328
1791406865.596 477852 422883328
1791406865.802 477852 422895616
1791406866.010 477852 422899712
1791406866.214 477852 422862848
1791406866.419 477852 422862848
1791406866.623 477852 422862848
1791406866.828 477852 422899712
1791406867.032 477852 422895616
1791406867.237 477852 422883328
1791406867.442 477852 422879232
1791406867.647 477852 422895616
1791406867.852 477852 422895616
1791406868.057 477852 422899712
1791406868.262 477852 422862848
1791406868.467 477852 422862848
1791406868.672 477852 422899712
1791406868.876 477852 422899712
1791406869.080 477852 422858752
1791406869.285 477852 422883328
1791406869.489 477852 422887424
1791406869.694 477852 422895616
1791406869.899 477852 422895616
1791406870.104 477852 422858752
1791406870.308 477852 422858752
1791406870.513 477852 422895616
1791406870.719 477852 422895616
1791406870.925 477852 422895616
1791406871.130 477852 422879232
1791406871.335 477852 422883328
1791406871.540 477852 422899712
1791406871.744 477852 422895616
1791406871.950 477852 422854656
1791406872.155 477852 422883328
1791406872.360 477852 422883328
1791406872.566 477852 422895616
1791406872.772 477852 422895616
1791406872.977 477852 422887424
1791406873.182 477852 422887424
1791406873.386 477852 422883328
1791406873.590 477852 422895616
1791406873.795 477852 422895616
1791406874.000 477852 422883328
1791406874.204 477852 422883328
1791406874.409 477852 422883328
1791406874.615 477852 422883328
1791406874.821 477852 422883328
1791406875.026 477852 422887424
1791406875.232 477852 422883328
1791406875.438 477852 422895616
1791406875.644 477852 422899712
1791406875.849 477852 422887424
1791406876.055 477852 422850560
1791406876.260 477852 422887424
1791406876.465 477852 422887424
1791406876.669 477852 422887424
1791406876.873 477852 422887424
1791406877.078 477852 422883328
1791406877.283 477852 422899712
1791406877.488 477852 422895616
1791406877.693 477852 422895616
1791406877.897 477852 422887424
1791406878.102 477852 422887424
1791406878.306 477852 422899712
1791406878.510 477852 422899712
1791406878.715 477852 422887424
1791406878.920 477852 422862848
1791406879.126 477852 422883328
1791406879.332 477852 422895616
1791406879.538 477852 422899712
1791406879.745 477852 422883328
1791406879.951 477852 422862848
1791406880.156 477852 422899712
1791406880.361 477852 422895616
1791406880.565 477852 422895616
1791406880.770 477852 422883328
1791406880.976 477852 422862848
1791406881.181 477852 422899712
1791406881.385 477852 422895616
1791406881.590 477852 422883328
1791406881.796 477852 422887424
1791406882.000 477852 422858752
1791406882.205 477852 422895616
1791406882.411 477852 422895616
1791406882.616 477852 422883328
1791406882.821 477852 422883328
1791406883.025 477852 422883328
1791406883.229 477852 422883328
1791406883.434 477852 422883328
1791406883.638 477852 422883328
1791406883.843 477852 422883328
1791406884.047 477852 422883328
1791406884.252 477852 422883328
1791406884.455 477852 422883328
1791406884.660 477852 422883328
1791406884.866 477852 422883328
1791406885.071 477852 422895616
1791406885.276 477852 422899712
1791406885.482 477852 422883328
1791406885.688 477852 422907904
1791406885.894 477852 422920192
1791406886.102 477852 422887424
1791406886.308 477852 422924288
1791406886.515 477852 422912000
1791406886.722 477852 422912000
1791406886.928 478104 422924288
1791406887.134 478104 422887424
1791406887.341 478104 422887424
1791406887.548 478104 422887424
1791406887.753 478104 422887424
1791406887.958 478104 422920192
1791406888.163 478104 422928384
1791406888.369 478104 422916096
1791406888.578 478104 422916096
1791406888.785 478104 422924288
1791406888.991 478104 422928384
1791406889.199 478104 422928384
1791406889.404 478104 422891520
1791406889.610 478104 422891520
1791406889.818 478104 422928384
1791406890.025 478104 422924288
1791406890.230 478104 422916096
1791406890.435 478104 422912000
1791406890.641 478104 422912000
1791406890.847 478104 422924288
1791406891.052 478104 422932480
1791406891.258 478096 422924288
1791406891.463 478096 422924288
1791406891.668 478096 422932480
1791406891.872 478096 422932480
1791406892.077 478096 422932480
1791406892.282 478096 422895616
1791406892.487 478096 422895616
1791406892.692 478096 422932480
1791406892.897 478096 422932480
1791406893.102 478088 422944768
1791406893.307 478088 422944768
1791406893.512 478088 422948864
1791406893.717 478096 422924288
1791406893.922 478096 422903808
1791406894.126 478096 422932480
1791406894.331 478096 422899712
1791406894.536 478096 422920192
1791406894.741 478096 422920192
1791406894.946 478096 422920192
1791406895.151 478096 422920192
1791406895.356 478096 422920192
1791406895.561 478096 422920192
1791406895.766 478096 422920192
1791406895.970 478096 422932480
1791406896.175 478096 422932480
1791406896.379 478096 422932480
1791406896.584 478096 422920192
1791406896.788 478096 422920192
1791406896.993 478096 422932480
1791406897.198 478096 422936576
1791406897.403 478096 422920192
1791406897.608 478096 422920192
1791406897.814 478096 422920192
1791406898.020 478096 422932480
1791406898.227 478096 422932480
1791406898.431 478096 422895616
1791406898.636 478096 422895616
1791406898.840 478096 422932480
1791406899.045 478096 422932480
1791406899.251 478096 422932480
1791406899.458 478096 422920192
1791406899.664 478096 422920192
1791406899.870 478096 422932480
1791406900.076 478096 422936576
1791406900.280 478096 422899712
1791406900.484 478096 422899712
1791406900.688 478096 422899712
1791406900.893 478096 422899712
1791406901.097 478096 422928384
1791406901.301 478096 422920192
1791406901.506 478096 422924288
1791406901.711 478096 422920192
1791406901.916 478096 422932480
1791406902.122 478096 422932480
1791406902.328 478096 422920192
1791406902.533 478096 422920192
1791406902.737 478096 422932480
1791406902.944 478096 422920192
1791406903.149 478096 422899712
1791406903.354 478096 422920192
1791406903.559 478096 422920192
1791406903.764 478096 422932480
1791406903.968 478096 422932480
1791406904.172 478096 422895616
1791406904.377 478096 422895616
1791406904.582 478096 422895616
1791406904.788 478096 422932480
1791406904.992 478096 422932480
1791406905.197 478096 422895616
1791406905.401 478096 422895616
1791406905.606 478096 422932480
1791406905.811 478096 422932480
1791406906.016 478096 422932480
1791406906.221 478096 422895616
1791406906.426 478096 422895616
1791406906.631 478096 422932480
1791406906.836 478096 422932480
1791406907.042 478096 422895616
1791406907.247 478096 422895616
1791406907.452 478096 422895616
1791406907.657 478096 422932480
1791406907.862 478096 422932480
1791406908.067 478096 422932480
1791406908.272 478096 422895616
1791406908.477 478096 422932480
1791406908.684 478096 422932480
1791406908.890 478096 422932480
1791406909.096 478096 422924288
1791406909.301 478096 422920192
1791406909.506 478096 422936576
1791406909.710 478096 422932480
1791406909.915 478096 422903808
1791406910.119 478096 422920192
1791406910.324 478096 422920192
1791406910.528 478096 422932480
1791406910.733 478096 422932480
1791406910.938 478096 422899712
1791406911.142 478096 422920192
1791406911.346 478096 422932480
1791406911.551 478096 422936576
1791406911.758 478096 422936576
1791406911.965 478096 422920192
1791406912.171 478096 422920192
1791406912.378 478096 422920192
1791406912.584 478096 422920192
1791406912.792 478096 422920192
1791406912.997 478096 422924288
1791406913.203 478096 422920192
1791406913.408 478096 422932480
1791406913.612 478096 422932480
1791406913.817 478096 422924288
1791406914.023 478096 422920192
1791406914.229 478096 422920192
1791406914.436 478096 422920192
1791406914.641 478096 422920192
1791406914.846 478096 422920192
1791406915.051 478096 422920192
1791406915.256 478096 422932480
1791406915.461 478096 422936576
1791406915.666 478096 422920192
1791406915.871 478096 422920192
1791406916.075 478096 422920192
1791406916.280 478096 422920192
1791406916.484 478096 422920192
1791406916.689 478096 422920192
1791406916.894 478096 422920192
1791406917.099 478096 422932480
1791406917.304 478096 422932480
1791406917.508 478096 422936576
1791406917.712 478096 422924288
1791406917.917 478096 422920192
1791406918.122 478096 422932480
1791406918.327 478096 422932480
1791406918.531 478096 422924288
1791406918.736 478096 422924288
1791406918.940 478096 422920192
1791406919.145 478096 422920192
1791406919.350 478096 422920192
1791406919.556 478096 422920192
1791406919.761 478096 422920192
1791406919.965 478096 422932480
1791406920.170 478096 422936576
1791406920.375 478096 422936576
1791406920.579 478096 422924288
1791406920.786 478096 422924288
1791406920.992 478096 422936576
1791406921.197 478096 422936576
1791406921.402 478096 422899712
1791406921.607 478096 422899712
1791406921.812 478096 422899712
1791406922.017 478096 422936576
1791406922.221 478096 422936576
1791406922.426 478096 422920192
1791406922.631 478096 422920192
1791406922.836 478096 422920192
1791406923.040 478096 422932480
1791406923.245 478096 422932480
1791406923.450 478096 422895616
1791406923.655 478096 422895616
1791406923.861 478096 422932480
1791406924.066 478096 422932480
1791406924.272 478096 422895616
1791406924.476 478096 422920192
1791406924.681 478096 422920192
1791406924.887 478096 422932480
1791406925.092 478096 422932480
1791406925.297 478096 422895616
1791406925.503 478096 422895616
1791406925.708 478096 422932480
1791406925.915 478096 422936576
1791406926.120 478096 422932480
1791406926.325 478096 422924288
1791406926.530 478096 422924288
1791406926.735 478096 422932480
1791406926.940 478096 422907904
1791406927.144 478096 422932480
1791406927.349 478096 422916096
1791406927.553 478096 422920192
1791406927.758 478096 422932480
1791406927.963 478096 422912000
1791406928.167 478096 422920192
1791406928.372 478096 422920192
1791406928.577 478096 422920192
1791406928.781 478096 422932480
1791406928.985 478096 422924288
1791406929.190 478096 422920192
1791406929.395 478096 422920192
1791406929.600 478096 422932480
1791406929.805 478096 422936576
1791406930.009 478096 422932480
1791406930.214 478096 422895616
1791406930.419 478096 422895616
1791406930.624 478096 422932480
1791406930.829 478096 422932480
1791406931.035 478096 422924288
1791406931.241 478096 422920192
1791406931.447 478096 422920192
1791406931.651 478096 422936576
1791406931.856 478096 422936576
1791406932.061 478096 422920192
1791406932.266 478096 422924288
1791406932.472 478096 422936576
1791406932.678 478096 422932480
1791406932.884 478096 422932480
1791406933.089 478096 422920192
1791406933.294 478096 422920192
1791406933.498 478096 422920192
1791406933.703 478096 422920192
1791406933.909 478096 422920192
1791406934.115 478096 422924288
1791406934.321 478096 422924288
1791406934.528 478096 422936576
1791406934.733 478096 422936576
1791406934.938 478096 422924288
1791406935.143 478096 422924288
1791406935.351 478096 422924288
1791406935.557 478096 422924288
1791406935.764 478096 422924288
1791406935.970 478096 422924288
1791406936.176 478096 422928384
1791406936.382 478096 422940672
1791406936.589 478096 422940672
1791406936.795 478096 422928384
1791406937.000 478096 422899712
1791406937.205 478096 422924288
1791406937.410 478096 422940672
1791406937.615 478096 422940672
1791406937.822 478096 422924288
1791406938.027 478096 422924288
1791406938.232 478096 422924288
1791406938.437 478096 422924288
1791406938.641 478096 422924288
1791406938.846 478096 422924288
1791406939.051 478096 422928384
1791406939.258 478096 422936576
1791406939.465 478096 422940672
1791406939.672 478096 422928384
1791406939.880 478096 422928384
1791406940.086 478096 422924288
1791406940.292 478096 422924288
1791406940.496 478096 422924288
1791406940.701 478096 422924288
1791406940.905 478096 422924288
1791406941.110 478096 422936576
1791406941.315 478096 422936576
1791406941.519 478096 422936576
1791406941.725 478096 422928384
1791406941.932 478096 422899712
1791406942.136 478096 422936576
1791406942.341 478096 422936576
1791406942.545 478096 422928384
1791406942.750 478096 422924288
1791406942.954 478096 422932480
1791406943.159 478096 422936576
1791406943.363 478096 422936576
1791406943.568 478096 422924288
1791406943.773 478096 422924288
1791406943.980 478096 422936576
1791406944.186 478096 422936576
1791406944.392 478096 422940672
1791406944.597 478096 422924288
1791406944.803 478096 422928384
1791406945.009 478096 422936576
1791406945.214 478096 422936576
1791406945.420 478096 422899712
1791406945.627 478096 422936576
1791406945.831 478096 422936576
1791406946.036 478096 422948864
1791406946.244 478096 422944768
1791406946.448 478096 422936576
1791406946.653 478096 422932480
1791406946.858 478096 422948864
1791406947.062 478096 422944768
1791406947.267 478096 422944768
1791406947.472 478096 422907904
1791406947.678 478096 422907904
1791406947.883 478096 422944768
1791406948.089 478096 422944768
1791406948.295 478096 422907904
1791406948.500 478096 422907904
1791406948.705 478096 422907904
1791406948.912 478096 422944768
1791406949.117 478096 422944768
1791406949.322 478096 422932480
1791406949.527 478096 422932480
1791406949.731 478096 422948864
1791406949.936 478096 422920192
1791406950.140 478096 422944768
1791406950.345 478096 422936576
1791406950.552 478096 422932480
1791406950.756 478096 422944768
1791406950.960 478096 422952960
1791406951.165 478088 422940672
1791406951.370 478088 422940672
1791406951.574 478088 422944768
1791406951.779 478088 422957056
1791406951.984 478088 422928384
1791406952.188 478088 422940672
1791406952.394 478088 422944768
1791406952.599 478088 422944768
1791406952.804 478088 422952960
1791406953.008 478088 422989824
1791406953.215 478088 422916096
1791406953.420 478088 422916096
1791406953.625 478088 422952960
1791406953.830 478088 422952960
1791406954.035 478088 422916096
1791406954.239 478088 422944768
1791406954.444 478088 422940672
1791406954.649 478088 422952960
1791406954.855 478088 422948864
1791406955.060 478088 422920192
1791406955.265 478088 422920192
1791406955.471 478088 422957056
1791406955.678 478088 422957056
1791406955.884 478088 422957056
1791406956.090 478088 422940672
1791406956.296 478088 422940672
1791406956.501 478088 422952960
1791406956.706 478088 422957056
1791406956.912 478088 422916096
1791406957.118 478088 422940672
1791406957.323 478088 422940672
1791406957.529 478088 422952960
1791406957.735 478088 422952960
1791406957.941 478088 422940672
1791406958.147 478088 422940672
1791406958.353 478088 422940672
1791406958.558 478088 422940672
1791406958.764 478088 422940672
1791406958.969 478088 422940672
1791406959.174 478088 422936576
1791406959.379 478088 422952960
1791406959.584 478088 422948864
1791406959.792 478088 422916096
1791406959.997 478088 422940672
1791406960.203 478088 422940672
1791406960.408 478088 422940672
1791406960.614 478088 422940672
1791406960.820 478088 422940672
1791406961.025 478088 422940672
1791406961.231 478088 422944768
1791406961.437 478088 422957056
1791406961.643 478088 422952960
1791406961.847 478088 422944768
1791406962.053 478088 422940672
1791406962.257 478088 422940672
1791406962.463 478088 422940672
1791406962.669 478088 422940672
1791406962.875 478088 422940672
1791406963.079 478088 422940672
1791406963.285 478088 422957056
1791406963.490 478088 422920192
1791406963.695 478088 422944768
1791406963.902 478088 422940672
1791406964.107 478088 422940672
1791406964.313 478088 422940672
1791406964.519 478088 422940672
1791406964.725 478088 422940672
1791406964.932 478088 422920192
1791406965.137 478088 422952960
1791406965.343 478088 422957056
1791406965.548 478088 422916096
1791406965.754 478088 422940672
1791406965.961 478088 422924288
1791406966.168 478088 422957056
1791406966.375 478088 422952960
1791406966.583 478088 422940672
1791406966.788 478088 422944768
1791406966.993 478088 422940672
1791406967.198 478088 422940672
1791406967.410 478088 422940672
1791406967.616 478088 422940672
1791406967.822 478088 422940672
1791406968.027 478088 422957056
1791406968.232 478088 422957056
1791406968.436 478088 422920192
1791406968.641 478088 422944768
1791406968.847 478088 422940672
1791406969.052 478088 422952960
1791406969.259 478088 422957056
1791406969.466 478088 422940672
1791406969.672 478088 422940672
1791406969.877 478088 422940672
1791406970.083 478088 422952960
1791406970.288 478088 422952960
1791406970.496 478088 422916096
1791406970.702 478088 422916096
1791406970.908 478088 422957056
1791406971.114 478088 422952960
1791406971.320 478088 422916096
1791406971.527 478088 422940672
1791406971.732 478088 422944768
1791406971.939 478088 422932480
1791406972.144 478088 422952960
1791406972.349 478088 422940672
1791406972.554 478088 422940672
1791406972.758 478088 422940672
1791406972.963 478088 422957056
1791406973.167 478088 422957056
1791406973.373 478088 422920192
1791406973.579 478088 422920192
1791406973.785 478088 422957056
1791406973.990 478088 422952960
1791406974.194 478088 422916096
1791406974.399 478088 422907904
1791406974.603 478088 422940672
1791406974.808 478088 422957056
1791406975.014 478088 422920192
1791406975.219 478088 422920192
1791406975.425 478088 422920192
1791406975.631 478088 422957056
1791406975.836 478088 422957056
1791406976.040 478088 422957056
1791406976.246 478088 422940672
1791406976.452 478088 422940672
1791406976.657 478088 422952960
1791406976.863 478088 422952960
1791406977.068 478088 422920192
1791406977.275 478088 422920192
1791406977.479 478088 422920192
1791406977.685 478088 422957056
1791406977.890 478088 422957056
1791406978.096 478088 422920192
1791406978.301 478088 422920192
1791406978.505 478088 422920192
1791406978.709 478088 422957056
1791406978.915 478088 422928384
1791406979.120 478088 422940672
1791406979.326 478088 422940672
1791406979.533 478088 422952960
1791406979.741 478088 422952960
1791406979.950 478088 422916096
1791406980.155 478088 422916096
1791406980.360 478088 422916096
1791406980.565 478088 422952960
1791406980.772 478088 422952960
1791406980.978 478088 422940672
1791406981.183 478088 422940672
1791406981.391 478088 422940672
1791406981.597 478088 422952960
1791406981.801 478088 422957056
1791406982.007 478088 422940672
1791406982.212 478088 422940672
1791406982.417 478088 422940672
1791406982.621 478088 422940672
1791406982.827 478088 422940672
1791406983.033 478088 422948864
1791406983.239 478088 422948864
1791406983.444 478088 422961152
1791406983.649 478088 422961152
1791406983.853 478088 422944768
1791406984.059 478088 422944768
1791406984.266 478088 422944768
1791406984.470 478088 422944768
1791406984.675 478088 422944768
1791406984.881 478088 422944768
1791406985.085 478088 422944768
1791406985.291 478088 422961152
1791406985.497 478088 422957056
1791406985.703 478088 422957056
1791406985.910 478088 422944768
1791406986.115 478088 422944768
1791406986.320 478088 422957056
1791406986.525 478088 422957056
1791406986.729 478088 422944768
1791406986.935 478088 422932480
1791406987.140 478088 422944768
1791406987.346 478088 422957056
1791406987.552 478088 422957056
1791406987.757 478088 422948864
1791406987.963 478088 422944768
1791406988.169 478088 422944768
1791406988.378 478088 422944768
1791406988.583 478088 422944768
1791406988.788 478088 422944768
1791406988.992 478088 422948864
1791406989.197 478088 422957056
1791406989.401 478088 422957056
1791406989.606 478088 422944768
1791406989.811 478088 422948864
1791406990.015 478088 422944768
1791406990.220 478088 422944768
1791406990.425 478088 422944768
1791406990.631 478088 422944768
1791406990.837 478088 422944768
1791406991.043 478088 422957056
1791406991.247 478088 422957056
1791406991.453 478088 422957056
1791406991.659 478088 422948864
1791406991.863 478088 422944768
1791406992.068 478088 422957056
1791406992.273 478088 422957056
1791406992.477 478088 422944768
1791406992.683 478088 422948864
1791406992.887 478088 422944768
1791406993.092 478088 422957056
1791406993.297 478088 422957056
1791406993.502 478088 422920192
1791406993.707 478088 422920192
1791406993.915 478088 422936576
1791406994.121 478088 422957056
1791406994.326 478088 422961152
1791406994.531 478088 422944768
1791406994.736 478088 422944768
1791406994.942 478088 422940672
1791406995.148 478088 422957056
1791406995.354 478088 422944768
1791406995.559 478088 422944768
1791406995.764 478088 422948864
1791406995.971 478088 422936576
1791406996.178 478088 422961152
1791406996.384 478088 422944768
1791406996.588 478088 422944768
1791406996.794 478088 422957056
1791406997.001 478088 422961152
1791406997.207 478088 422961152
1791406997.412 478088 422948864
1791406997.617 478088 422944768
1791406997.822 478088 422961152
1791406998.027 478088 422957056
1791406998.232 478088 422920192
1791406998.438 478088 422920192
1791406998.642 478088 422920192
1791406998.847 478088 422957056
1791406999.053 478088 422957056
1791406999.259 478088 422944768
1791406999.464 478088 422948864
1791406999.669 478088 422957056
1791406999.874 478088 422957056
1791407000.079 478088 422957056
1791407000.283 478088 422920192
1791407000.488 478088 422920192
1791407000.693 478088 422957056
1791407000.900 478088 422957056
1791407001.107 478088 422940672
1791407001.315 478088 422948864
1791407001.521 478088 422948864
1791407001.727 478088 422957056
1791407001.932 478088 422961152
1791407002.137 478088 422944768
1791407002.342 478088 422944768
1791407002.547 478088 422961152
1791407002.751 478088 422957056
1791407002.956 478088 422965248
1791407003.160 478088 422948864
1791407003.364 478088 422948864
1791407003.569 478088 422957056
1791407003.773 478088 422957056
1791407003.979 478088 422944768
1791407004.183 478088 422944768
1791407004.389 478088 422940672
1791407004.595 478088 422957056
1791407004.800 478088 422957056
1791407005.005 478088 422928384
1791407005.209 478088 422948864
1791407005.415 478088 422961152
1791407005.620 478088 422961152
1791407005.827 478844 423641088
1791407006.031 478844 423661568
1791407006.236 478844 423661568
1791407006.440 478844 423661568
1791407006.645 478844 423661568
1791407006.850 478844 423661568
1791407007.056 478844 423669760
1791407007.260 478844 423669760
1791407007.465 478844 423686144
1791407007.671 478844 423686144
1791407007.876 478844 423669760
1791407008.081 478844 423665664
1791407008.287 478844 423665664
1791407008.493 478844 423665664
1791407008.697 478844 423665664
1791407008.902 478844 423665664
1791407009.107 478844 423673856
1791407009.312 478844 423682048
1791407009.517 478844 423649280
1791407009.723 478844 423673856
1791407009.929 478844 423641088
1791407010.135 478844 423669760
1791407010.341 478844 423682048
1791407010.547 478844 423686144
1791407010.754 478844 423669760
1791407010.959 478844 423673856
1791407011.164 478844 423673856
1791407011.369 478844 423673856
1791407011.574 478844 423673856
1791407011.778 478844 423673856
1791407011.983 478844 423673856
1791407012.188 478836 423690240
1791407012.392 478836 423690240
1791407012.597 478836 423653376
1791407012.803 478836 423677952
1791407013.009 478836 423714816
1791407013.222 478836 423677952
1791407013.426 478836 423677952
1791407013.631 478836 423677952
1791407013.835 478836 423677952
1791407014.040 478836 423690240
1791407014.245 478836 423690240
1791407014.450 478836 423690240
1791407014.655 478836 423677952
1791407014.860 478836 423677952
1791407015.066 478836 423677952
1791407015.271 478836 423677952
1791407015.476 478836 423677952
1791407015.681 478836 423677952
1791407015.885 478836 423677952
1791407016.091 478836 423690240
1791407016.296 478836 423694336
1791407016.503 478836 423677952
1791407016.709 478836 423677952
1791407016.916 478836 423677952
1791407017.121 478836 423690240
1791407017.326 478836 423690240
1791407017.531 478836 423677952
1791407017.735 478836 423682048
1791407017.940 478836 423690240
1791407018.145 478836 423694336
1791407018.350 478836 423657472
1791407018.555 478836 423682048
1791407018.761 478836 423682048
1791407018.966 478836 423690240
1791407019.170 478836 423690240
1791407019.375 478836 423653376
1791407019.579 478836 423653376
1791407019.784 478836 423653376
1791407019.989 478836 423694336
1791407020.194 478836 423690240
1791407020.399 478836 423677952
1791407020.604 478836 423677952
1791407020.809 478836 423690240
1791407021.015 478836 423690240
1791407021.221 478836 423690240
1791407021.428 478836 423653376
1791407021.634 478836 423653376
1791407021.839 478836 423690240
1791407022.044 478836 423669760
1791407022.249 478836 423682048
1791407022.453 478836 423682048
1791407022.657 478836 423677952
1791407022.862 478836 423690240
1791407023.066 478836 423694336
1791407023.271 478836 423657472
1791407023.475 478836 423657472
1791407023.680 478836 423694336
1791407023.885 478836 423694336
1791407024.095 478836 423665664
1791407024.299 478836 423682048
1791407024.504 478836 423682048
1791407024.709 478836 423694336
1791407024.913 478836 423694336
1791407025.117 478836 423682048
1791407025.323 478836 423686144
1791407025.527 478836 423686144
1791407025.732 478836 423694336
1791407025.939 478836 423673856
1791407026.145 478836 423682048
1791407026.350 478836 423686144
1791407026.554 478836 423694336
1791407026.759 478836 423694336
1791407026.963 478836 423665664
1791407027.168 478836 423682048
1791407027.373 478836 423682048
1791407027.578 478836 423694336
1791407027.782 478836 423694336
1791407027.988 478836 423682048
1791407028.195 478836 423686144
1791407028.402 478836 423690240
1791407028.608 478836 423694336
1791407028.814 478836 423694336
1791407029.020 478836 423690240
1791407029.225 478836 423686144
1791407029.430 478836 423698432
1791407029.635 478836 423698432
1791407029.839 478836 423694336
1791407030.044 478836 423686144
1791407030.248 478836 423686144
1791407030.452 478836 423686144
1791407030.657 478836 423686144
1791407030.863 478836 423686144
1791407031.067 478836 423682048
1791407031.272 478836 423686144
1791407031.477 478836 423694336
1791407031.683 478836 423698432
1791407031.889 478836 423686144
1791407032.093 478836 423682048
1791407032.299 478836 423682048
1791407032.504 478836 423682048
1791407032.708 478836 423682048
1791407032.914 478836 423682048
1791407033.119 478836 423682048
1791407033.324 478836 423682048
1791407033.529 478836 423682048
1791407033.734 478836 423682048
1791407033.939 478836 423690240
1791407034.143 478836 423686144
1791407034.347 478836 423698432
1791407034.552 478836 423694336
1791407034.756 478836 423686144
1791407034.961 478836 423653376
1791407035.167 478836 423682048
1791407035.371 478836 423698432
1791407035.576 478836 423698432
1791407035.781 478836 423690240
1791407035.987 478836 423673856
1791407036.190 478836 423702528
1791407036.395 478836 423706624
1791407036.599 478836 423665664
1791407036.804 478836 423686144
1791407037.008 478836 423690240
1791407037.212 478836 423690240
1791407037.417 478836 423690240
1791407037.622 478836 423690240
1791407037.827 478836 423690240
1791407038.031 478836 423673856
1791407038.236 478836 423702528
1791407038.440 478836 423706624
1791407038.645 478836 423694336
1791407038.849 478836 423690240
1791407039.055 478836 423690240
1791407039.259 478836 423690240
1791407039.463 478836 423690240
1791407039.668 478836 423690240
1791407039.872 478836 423690240
1791407040.077 478836 423706624
1791407040.284 478836 423702528
1791407040.491 478836 423690240
1791407040.697 478836 423690240
1791407040.903 478836 423690240
1791407041.109 478836 423694336
1791407041.316 478836 423702528
1791407041.522 478836 423690240
1791407041.727 478836 423690240
1791407041.931 478836 423706624
1791407042.137 478836 423706624
1791407042.346 478836 423706624
1791407042.552 478836 423669760
1791407042.757 478836 423669760
1791407042.961 478836 423698432
1791407043.165 478836 423710720
1791407043.371 478836 423690240
1791407043.575 478836 423694336
1791407043.780 478836 423690240
1791407043.985 478836 423702528
1791407044.189 478836 423702528
1791407044.394 478836 423665664
1791407044.598 478836 423665664
1791407044.802 478836 423702528
1791407045.007 478836 423702528
1791407045.211 478836 423702528
1791407045.416 478836 423694336
1791407045.621 478836 423690240
1791407045.827 478836 423702528
1791407046.031 478836 423706624
1791407046.236 478836 423669760
1791407046.440 478836 423669760
1791407046.645 478836 423669760
1791407046.851 478836 423706624
1791407047.056 478836 423702528
1791407047.260 478836 423690240
1791407047.465 478836 423690240
1791407047.670 478836 423702528
1791407047.875 478836 423702528
1791407048.083 478836 423702528
1791407048.289 478836 423665664
1791407048.495 478836 423665664
1791407048.700 478836 423702528
1791407048.907 478836 423702528
1791407049.113 478836 423690240
1791407049.319 478836 423690240
1791407049.526 478836 423690240
1791407049.731 478836 423702528
1791407049.939 478836 423710720
1791407050.145 478836 423686144
1791407050.352 478836 423690240
1791407050.557 478836 423702528
1791407050.761 478836 423702528
1791407050.967 478836 423702528
1791407051.172 478836 423665664
1791407051.379 478836 423665664
1791407051.583 478836 423702528
1791407051.788 478836 423702528
1791407051.993 478836 423690240
1791407052.197 478836 423690240
1791407052.403 478836 423690240
1791407052.606 478836 423702528
1791407052.811 478836 423702528
1791407053.016 478836 423694336
1791407053.223 478836 423694336
1791407053.428 478836 423694336
1791407053.635 478836 423694336
1791407053.841 478836 423694336
1791407054.047 478836 423690240
1791407054.253 478836 423690240
1791407054.459 478836 423706624
1791407054.664 478836 423706624
1791407054.870 478836 423690240
1791407055.076 478836 423690240
1791407055.282 478836 423690240
1791407055.487 478836 423690240
1791407055.693 478836 423690240
1791407055.897 478836 423690240
1791407056.102 478836 423690240
1791407056.307 478836 423702528
1791407056.511 478836 423702528
1791407056.716 478836 423702528
1791407056.921 478836 423661568
1791407057.126 478836 423690240
1791407057.332 478836 423706624
1791407057.537 478836 423702528
1791407057.742 478836 423690240
1791407057.947 478836 423690240
1791407058.154 478836 423694336
1791407058.360 478836 423702528
1791407058.565 478836 423702528
1791407058.771 478836 423694336
1791407058.975 478836 423669760
1791407059.180 478836 423706624
1791407059.384 478836 423706624
1791407059.589 478836 423698432
1791407059.794 478836 423694336
1791407059.998 478836 423694336
1791407060.203 478836 423694336
1791407060.408 478836 423694336
1791407060.613 478836 423694336
1791407060.818 478836 423694336
1791407061.022 478836 423694336
1791407061.227 478836 423702528
1791407061.432 478836 423702528
1791407061.636 478836 423690240
1791407061.841 478836 423690240
1791407062.045 478836 423690240
1791407062.251 478836 423690240
1791407062.456 478836 423690240
1791407062.661 478836 423690240
1791407062.867 478836 423690240
1791407063.071 478836 423706624
1791407063.275 478836 423706624
1791407063.480 478836 423694336
1791407063.684 478836 423698432
1791407063.889 478836 423694336
1791407064.094 478836 423706624
1791407064.298 478836 423706624
1791407064.503 478836 423694336
1791407064.707 478836 423661568
1791407064.911 478836 423694336
1791407065.116 478836 423706624
1791407065.320 478836 423706624
1791407065.526 478836 423694336
1791407065.734 478836 423698432
1791407065.939 478836 423710720
1791407066.145 478836 423710720
1791407066.350 478836 423673856
1791407066.554 478836 423673856
1791407066.759 478836 423673856
1791407066.964 478836 423710720
1791407067.169 478836 423706624
1791407067.373 478836 423698432
1791407067.579 478836 423694336
1791407067.784 478836 423698432
1791407067.989 478836 423710720
1791407068.195 478836 423710720
1791407068.401 478836 423673856
1791407068.606 478836 423673856
1791407068.812 478836 423673856
1791407069.017 478836 423706624
1791407069.222 478836 423710720
1791407069.427 478836 423694336
1791407069.632 478836 423694336
1791407069.837 478836 423706624
1791407070.042 478836 423706624
1791407070.246 478836 423669760
1791407070.452 478836 423669760
1791407070.658 478836 423669760
1791407070.864 478836 423706624
1791407071.069 478836 423714816
1791407071.273 478828 423706624
1791407071.478 478828 423702528
1791407071.682 478828 423714816
1791407071.887 478828 423714816
1791407072.092 478828 423714816
1791407072.297 478828 423677952
1791407072.501 478828 423677952
1791407072.706 478828 423714816
1791407072.910 478828 423714816
1791407073.115 478828 423710720
1791407073.321 478828 423710720
1791407073.525 478828 423706624
1791407073.730 478828 423718912
1791407073.934 478828 423698432
1791407074.139 478828 423706624
1791407074.343 478828 423710720
1791407074.547 478828 423718912
1791407074.752 478828 423718912
1791407074.956 478828 423718912
1791407075.162 478828 423682048
1791407075.368 478828 423682048
1791407075.575 478828 423718912
1791407075.781 478828 423718912
1791407075.986 478828 423710720
1791407076.191 478828 423706624
1791407076.395 478828 423706624
1791407076.600 478828 423718912
1791407076.805 478828 423718912
1791407077.011 478828 423710720
1791407077.216 478828 423710720
1791407077.421 478828 423710720
1791407077.626 478828 423710720
1791407077.831 478828 423710720
1791407078.036 478828 423706624
1791407078.241 478828 423706624
1791407078.446 478828 423723008
1791407078.651 478828 423718912
1791407078.856 478828 423673856
1791407079.061 478828 423706624
1791407079.266 478828 423706624
1791407079.473 478828 423706624
1791407079.679 478828 423706624
1791407079.883 478828 423706624
1791407080.088 478828 423706624
1791407080.292 478828 423706624
1791407080.497 478828 423706624
1791407080.701 478828 423706624
1791407080.906 478828 423706624
1791407081.110 478828 423706624
1791407081.315 478828 423706624
1791407081.519 478828 423706624
1791407081.723 478828 423706624
1791407081.928 478828 423706624
1791407082.133 478828 423706624
1791407082.337 478828 423723008
1791407082.542 478828 423723008
1791407082.746 478828 423706624
1791407082.951 478828 423682048
1791407083.155 478828 423702528
1791407083.360 478828 423718912
1791407083.564 478828 423718912
1791407083.769 478828 423706624
1791407083.975 478828 423682048
1791407084.181 478828 423718912
1791407084.386 478828 423718912
1791407084.591 478828 423682048
1791407084.796 478828 423706624
1791407085.001 478828 423677952
1791407085.205 478828 423718912
1791407085.410 478828 423718912
1791407085.616 478828 423706624
1791407085.821 478828 423706624
1791407086.026 478828 423706624
1791407086.231 478828 423706624
1791407086.436 478828 423706624
1791407086.643 478828 423706624
1791407086.848 478828 423706624
1791407087.054 478828 423706624
1791407087.259 478828 423706624
1791407087.463 478828 423706624
1791407087.669 478828 423706624
1791407087.873 478828 423706624
1791407088.078 478828 423723008
1791407088.283 478828 423727104
1791407088.488 478828 423706624
1791407088.693 478828 423706624
1791407088.899 478828 423706624
1791407089.104 478828 423718912
1791407089.309 478828 423718912
1791407089.514 478828 423682048
1791407089.718 478828 423682048
1791407089.923 478828 423694336
1791407090.127 478828 423718912
1791407090.332 478828 423718912
1791407090.536 478828 423710720
1791407090.741 478828 423706624
1791407090.946 478828 423718912
1791407091.150 478828 423718912
1791407091.354 478828 423682048
1791407091.559 478828 423682048
1791407091.764 478828 423682048
1791407091.968 478828 423690240
1791407092.174 478828 423723008
1791407092.379 478828 423706624
1791407092.585 478828 423710720
1791407092.790 478828 423718912
1791407092.995 478828 423718912
1791407093.199 478828 423718912
1791407093.404 478828 423682048
1791407093.608 478828 423682048
1791407093.815 478828 423718912
1791407094.023 478828 423702528
1791407094.228 478828 423706624
1791407094.432 478828 423706624
1791407094.637 478828 423710720
1791407094.842 478828 423718912
1791407095.047 478828 423718912
1791407095.253 478828 423682048
1791407095.457 478828 423682048
1791407095.662 478828 423718912
1791407095.867 478828 423718912
1791407096.071 478828 423723008
1791407096.276 478828 423706624
1791407096.480 478828 423710720
1791407096.685 478828 423718912
1791407096.891 478828 423718912
1791407097.096 478828 423682048
1791407097.301 478828 423682048
1791407097.506 478828 423682048
1791407097.712 478828 423718912
1791407097.918 478828 423718912
1791407098.122 478828 423682048
1791407098.328 478828 423682048
1791407098.535 478828 423718912
1791407098.741 478828 423718912
1791407098.946 478828 423723008
1791407099.151 478828 423706624
1791407099.355 478828 423710720
1791407099.560 478828 423718912
1791407099.764 478828 423718912
1791407099.970 478828 423682048
1791407100.174 478828 423682048
1791407100.379 478864 423682048
1791407100.586 478864 423718912
1791407100.790 478864 423718912
1791407100.995 478864 423706624
1791407101.201 478864 423710720
1791407101.406 478864 423723008
1791407101.611 478864 423723008
1791407101.816 478864 423723008
1791407102.021 478864 423710720
1791407102.226 478864 423710720
1791407102.430 478864 423710720
1791407102.635 478864 423710720
1791407102.840 478864 423710720
1791407103.046 478864 423710720
1791407103.250 478864 423714816
1791407103.455 478864 423723008
1791407103.659 478864 423723008
1791407103.864 478864 423710720
1791407104.068 478864 423710720
1791407104.273 478864 423710720
1791407104.477 478864 423710720
1791407104.682 478864 423710720
1791407104.886 478864 423710720
1791407105.091 478864 423710720
1791407105.297 478864 423723008
1791407105.502 478864 423723008
1791407105.707 478864 423690240
1791407105.912 478864 423690240
1791407106.117 478864 423706624
1791407106.322 478864 423723008
1791407106.527 478864 423723008
1791407106.732 478864 423710720
1791407106.936 478864 423718912
1791407107.141 478864 423714816
1791407107.345 478864 423723008
1791407107.550 478864 423727104
1791407107.754 478864 423710720
1791407107.959 478864 423686144
1791407108.163 478864 423723008
1791407108.367 478864 423723008
1791407108.572 478864 423727104
1791407108.777 478864 423714816
1791407108.981 478864 423694336
1791407109.186 478864 423723008
1791407109.390 478864 423727104
1791407109.594 478864 423710720
1791407109.799 478864 423710720
1791407110.004 478864 423710720
1791407110.209 478864 423710720
1791407110.413 478864 423710720
1791407110.618 478864 423710720
1791407110.823 478864 423710720
1791407111.028 478864 423723008
1791407111.233 478864 423723008
1791407111.438 478864 423723008
1791407111.644 478864 423710720
1791407111.849 478864 423710720
1791407112.054 478864 423727104
1791407112.261 478864 423723008
1791407112.467 478864 423714816
1791407112.674 478864 423714816
1791407112.881 478864 423710720
1791407113.086 478864 423718912
1791407113.291 478864 423718912
1791407113.496 478864 423682048
1791407113.700 478864 423682048
1791407113.905 478864 423718912
1791407114.109 478864 423723008
1791407114.315 478864 423723008
1791407114.521 478864 423710720
1791407114.725 478864 423710720
1791407114.930 478864 423723008
1791407115.136 478864 423723008
1791407115.344 478864 423686144
1791407115.551 478864 423686144
1791407115.758 478864 423686144
1791407115.963 478864 423698432
1791407116.167 478864 423718912
1791407116.372 478864 423710720
1791407116.576 478864 423710720
1791407116.781 478864 423723008
1791407116.986 478864 423702528
1791407117.191 478864 423723008
1791407117.397 478864 423710720
1791407117.602 478864 423710720
1791407117.807 478864 423723008
1791407118.012 478864 423723008
1791407118.218 478864 423686144
1791407118.423 478864 423686144
1791407118.629 478864 423686144
1791407118.836 478864 423723008
1791407119.042 478864 423723008
1791407119.248 478864 423710720
1791407119.453 478864 423710720
1791407119.657 478864 423723008
1791407119.862 478864 423727104
1791407120.068 478864 423723008
1791407120.275 478864 423686144
1791407120.482 478864 423686144
1791407120.689 478864 423723008
1791407120.897 478864 423723008
1791407121.103 478864 423686144
1791407121.309 478864 423686144
1791407121.514 478864 423686144
1791407121.720 478864 423723008
1791407121.926 478864 423723008
1791407122.131 478864 423710720
1791407122.336 478864 423714816
1791407122.543 478864 423723008
1791407122.750 478864 423723008
1791407122.956 478864 423723008
1791407123.160 478864 423686144
1791407123.366 478864 423723008
1791407123.570 478864 423723008
1791407123.775 478864 423723008
1791407123.980 478864 423714816
1791407124.185 478864 423714816
1791407124.390 478864 423714816
1791407124.594 478864 423727104
1791407124.799 478864 423723008
1791407125.004 478864 423714816
1791407125.210 478864 423714816
1791407125.416 478864 423714816
1791407125.624 478864 423714816
1791407125.830 478864 423714816
1791407126.035 478864 423714816
1791407126.240 478864 423714816
1791407126.445 478864 423727104
1791407126.650 478864 423727104
1791407126.854 478864 423714816
1791407127.059 478864 423718912
1791407127.265 478864 423718912
1791407127.471 478864 423718912
1791407127.676 478864 423718912
1791407127.881 478864 423718912
1791407128.086 478864 423714816
1791407128.290 478864 423727104
1791407128.495 478864 423727104
1791407128.700 478864 423727104
1791407128.904 478864 423718912
1791407129.109 478864 423718912
1791407129.313 478864 423727104
1791407129.518 478864 423731200
1791407129.724 478864 423718912
1791407129.930 478864 423694336
1791407130.137 478864 423718912
1791407130.342 478864 423727104
1791407130.548 478864 423727104
1791407130.753 478864 423714816
1791407130.958 478864 423714816
1791407131.166 478864 423714816
1791407131.373 478864 423714816
1791407131.579 478864 423714816
1791407131.786 478864 423714816
1791407131.993 478856 423727104
1791407132.200 478856 423735296
1791407132.406 478856 423735296
1791407132.615 479108 424169472
1791407132.821 479100 423804928
1791407133.025 479100 423841792
1791407133.230 479100 423841792
1791407133.437 479100 423841792
1791407133.644 479100 423841792
1791407133.850 479100 423841792
1791407134.056 479100 423849984
1791407134.262 479100 423854080
1791407134.468 479100 423849984
1791407134.673 479100 423837696
1791407134.877 479100 423837696
1791407135.083 479100 423837696
1791407135.289 479100 423837696
1791407135.495 479100 423837696
1791407135.700 479100 423837696
1791407135.906 479100 423837696
1791407136.111 479100 423849984
1791407136.316 479100 423849984
1791407136.521 479100 423837696
1791407136.728 479100 423837696
1791407136.935 479100 423849984
1791407137.141 479100 423849984
1791407137.347 479100 423849984
1791407137.553 479100 423813120
1791407137.758 479100 423813120
1791407137.964 479100 423854080
1791407138.168 479100 423854080
1791407138.374 479100 423837696
1791407138.579 479100 423837696
1791407138.785 479100 423841792
1791407138.990 479100 423849984
1791407139.196 479100 423849984
1791407139.401 479100 423813120
1791407139.606 479100 423813120
1791407139.810 479100 423849984
1791407140.015 479100 423849984
1791407140.219 479100 423849984
1791407140.424 479100 423837696
1791407140.628 479100 423837696
1791407140.832 479100 423849984
1791407141.037 479100 423845888
1791407141.242 479100 423845888
1791407141.446 479100 423809024
1791407141.651 479100 423809024
1791407141.856 479100 423845888
1791407142.062 479100 423854080
1791407142.269 479100 423837696
1791407142.475 479100 423841792
1791407142.682 479100 423837696
1791407142.887 479100 423849984
1791407143.092 479100 423849984
1791407143.297 479100 423813120
1791407143.502 479100 423813120
1791407143.708 479100 423849984
1791407143.912 479100 423849984
1791407144.118 479100 423825408
1791407144.324 479100 423849984
1791407144.529 479100 423854080
1791407144.734 479100 423862272
1791407144.940 479100 423866368
1791407145.146 479100 423829504
1791407145.350 479100 423829504
1791407145.556 479100 423866368
1791407145.761 479100 423866368
1791407145.968 479100 423862272
1791407146.175 479100 423854080
1791407146.382 479100 423849984
1791407146.588 479100 423862272
1791407146.794 479100 423862272
1791407147.000 479100 423829504
1791407147.205 479100 423829504
1791407147.410 479100 423829504
1791407147.616 479100 423866368
1791407147.821 479100 423866368
1791407148.026 479100 423854080
1791407148.231 479100 423854080
1791407148.435 479100 423854080
1791407148.640 479100 423866368
1791407148.846 479100 423866368
1791407149.050 479100 423817216
1791407149.255 479100 423854080
1791407149.460 479100 423854080
1791407149.666 479100 423854080
1791407149.872 479100 423854080
1791407150.077 479100 423849984
1791407150.282 479100 423849984
1791407150.487 479100 423862272
1791407150.692 479100 423866368
1791407150.898 479100 423845888
1791407151.103 479100 423849984
1791407151.307 479100 423854080
1791407151.513 479100 423866368
1791407151.718 479100 423862272
1791407151.924 479100 423854080
1791407152.130 479100 423854080
1791407152.334 479100 423862272
1791407152.539 479100 423862272
1791407152.744 479100 423862272
1791407152.949 479100 423849984
1791407153.155 479100 423849984
1791407153.360 479100 423849984
1791407153.567 479100 423849984
1791407153.771 479100 423849984
1791407153.976 479100 423854080
1791407154.182 479100 423849984
1791407154.387 479100 423862272
1791407154.591 479100 423866368
1791407154.796 479100 423845888
1791407155.002 479100 423854080
1791407155.206 479100 423854080
1791407155.411 479100 423854080
1791407155.615 479100 423854080
1791407155.820 479100 423854080
1791407156.024 479100 423854080
1791407156.230 479100 423854080
1791407156.434 479100 424075264
1791407156.638 479100 424075264
1791407156.843 479100 424075264
1791407157.048 479100 424091648
1791407157.255 479100 424108032
1791407157.460 479100 424103936
1791407157.664 479100 424091648
1791407157.869 479100 424091648
1791407158.074 479100 424091648
1791407158.280 479100 424091648
1791407158.487 479100 424091648
1791407158.694 479100 424091648
1791407158.902 479100 424153088
1791407159.110 481488 427634688
1791407159.323 504648 451522560
1791407159.534 507808 462163968
1791407159.746 509284 463544320
1791407159.954 510548 464826368
1791407160.159 510548 464822272
1791407160.364 510548 464822272
1791407160.571 510548 464809984
1791407160.777 510548 464809984
1791407160.983 510548 464822272
1791407161.188 510548 464822272
1791407161.394 510548 464785408
1791407161.599 510548 464814080
1791407161.803 510548 464809984
1791407162.009 510548 464822272
1791407162.214 510548 464826368
1791407162.419 510548 464809984
1791407162.626 510548 464809984
1791407162.831 510548 464809984
1791407163.036 510548 464830464
1791407163.240 510548 464826368
1791407163.445 510548 464809984
1791407163.650 510548 464809984
1791407163.856 510548 464826368
1791407164.062 510548 464826368
1791407164.268 507076 464789504
1791407164.474 507076 464789504
1791407164.679 507076 464789504
1791407164.883 507076 464826368
1791407165.088 507100 464830464
1791407165.293 507092 464818176
1791407165.499 507092 464818176
1791407165.705 507316 464822272
1791407165.912 507316 464814080
1791407166.120 507316 464826368
1791407166.327 507316 464822272
1791407166.534 507316 464818176
1791407166.740 507316 464830464
1791407166.945 507316 464830464
1791407167.151 507316 464793600
1791407167.357 507316 464793600
1791407167.562 507316 464793600
1791407167.767 507316 464830464
1791407167.973 507316 464830464
1791407168.178 507316 464793600
1791407168.383 507316 464793600
1791407168.591 507820 465235968
1791407168.796 507820 465309696
1791407169.000 512944 470544384
1791407169.206 514708 471629824
1791407169.412 514708 471851008
1791407169.617 514708 471863296
1791407169.822 514708 471863296
1791407170.029 514708 471826432
1791407170.234 514708 471826432
1791407170.438 514708 471826432
1791407170.643 514708 471863296
1791407170.848 517984 475586560
1791407171.054 517968 475602944
1791407171.259 517968 475602944
1791407171.464 517968 475602944
1791407171.668 517968 475619328
1791407171.873 517968 475615232
1791407172.078 517968 475578368
1791407172.283 517968 475578368
1791407172.488 517968 475615232
1791407172.693 517968 475615232
1791407172.898 517968 475615232
1791407173.103 517968 475602944
1791407173.307 517968 475607040
1791407173.513 517968 475615232
1791407173.717 517968 475619328
1791407173.922 517968 475582464
1791407174.128 517968 475598848
1791407174.332 517968 475602944
1791407174.538 517968 475615232
1791407174.742 517968 475615232
1791407174.948 517968 475602944
1791407175.153 517968 475602944
1791407175.358 517968 475602944
1791407175.563 517968 475602944
1791407175.767 517968 475602944
1791407175.972 517968 475602944
1791407176.176 517968 475607040
1791407176.382 517968 475615232
1791407176.586 517968 475615232
1791407176.791 517968 475602944
1791407176.996 517968 475602944
1791407177.202 517968 475602944
1791407177.407 517968 475602944
1791407177.613 517968 475602944
1791407177.818 517968 475602944
1791407178.022 517968 475602944
1791407178.227 517968 475615232
1791407178.431 517968 475615232
1791407178.635 517968 475619328
1791407178.840 517968 475602944
1791407179.045 517968 475602944
1791407179.249 517968 475602944
1791407179.454 517968 475602944
1791407179.661 517968 475602944
1791407179.866 517968 475602944
1791407180.070 517968 475611136
1791407180.275 517968 475623424
1791407180.480 517968 475619328
1791407180.685 517968 475607040
1791407180.892 517968 475607040
1791407181.103 517968 475607040
1791407181.308 517968 475607040
1791407181.513 517968 475607040
1791407181.719 517968 475607040
1791407181.923 517968 475602944
1791407182.128 517968 475619328
1791407182.333 517968 475619328
1791407182.539 517968 475607040
1791407182.745 517968 475607040
1791407182.950 517968 475607040
1791407183.155 517968 475607040
1791407183.360 517968 475607040
1791407183.565 517968 475607040
1791407183.770 517968 475607040
1791407183.976 517968 475619328
1791407184.182 517968 475619328
1791407184.387 517968 475586560
1791407184.591 517968 475607040
1791407184.799 517968 475611136
1791407185.006 517968 475619328
1791407185.214 517968 475619328
1791407185.420 517968 475611136
1791407185.626 517968 475611136
1791407185.832 517968 475611136
1791407186.037 517968 475623424
1791407186.242 518472 476250112
1791407186.448 518472 476250112
1791407186.652 518472 476250112
1791407186.857 518472 476250112
1791407187.062 518472 476274688
1791407187.266 518472 476278784
1791407187.471 518472 476274688
1791407187.675 518472 476266496
1791407187.880 518472 476282880
1791407188.085 518472 476282880
1791407188.290 518472 476282880
1791407188.495 518472 476282880
1791407188.700 518472 476282880
1791407188.905 518472 476282880
1791407189.110 518472 476299264
1791407189.315 518724 476311552
1791407189.520 518724 476307456
1791407189.726 518724 476319744
1791407189.931 518724 476323840
1791407190.135 518724 476344320
1791407190.340 518724 476327936
1791407190.545 518724 476327936
1791407190.750 518724 476356608
1791407190.954 518724 476356608
1791407191.159 518724 476319744
1791407191.364 518724 476319744
1791407191.570 518724 476319744
1791407191.774 518724 476467200
1791407191.979 518976 476680192
1791407192.184 519228 476872704
1791407192.394 519480 477216768
1791407192.599 519480 477306880
1791407192.806 519732 477315072
1791407193.014 519732 477364224
1791407193.226 519972 477327360
1791407193.430 519972 477327360
1791407193.636 519972 477364224
1791407193.843 519972 477364224
1791407194.054 519972 477376512
1791407194.263 519972 477396992
1791407194.469 519972 477413376
1791407194.675 519972 477454336
1791407194.883 519972 477474816
1791407195.091 519972 477474816
1791407195.298 519972 477483008
1791407195.504 520468 477605888
1791407195.709 520468 477609984
1791407195.914 520468 477605888
1791407196.121 520468 477569024
1791407196.330 520468 477569024
1791407196.538 520468 477605888
1791407196.747 520468 477605888
1791407196.954 520468 477593600
1791407197.162 520468 477593600
1791407197.370 520468 477609984
1791407197.578 520468 477618176
1791407197.783 520468 477618176
1791407197.988 520468 477609984
1791407198.194 520468 477609984
1791407198.399 520468 477609984
1791407198.606 520468 477609984
1791407198.813 520468 477609984
1791407199.019 520460 477614080
1791407199.226 520460 477614080
1791407199.431 520460 477630464
1791407199.636 520460 477630464
1791407199.840 520460 477614080
1791407200.045 520460 477609984
1791407200.249 520460 477609984
1791407200.454 520460 477609984
1791407200.659 520460 477609984
1791407200.864 520460 477609984
1791407201.068 520460 477614080
1791407201.273 520460 477626368
1791407201.479 520460 477626368
1791407201.686 520460 477626368
1791407201.892 520460 477614080
1791407202.098 520460 477614080
1791407202.304 520460 477614080
1791407202.510 520460 477614080
1791407202.715 520460 477614080
1791407202.919 520460 477614080
1791407203.124 520460 477614080
1791407203.330 520460 477626368
1791407203.534 520460 477630464
1791407203.739 520460 477618176
1791407203.944 520460 477614080
1791407204.150 520460 477614080
1791407204.353 520460 477614080
1791407204.558 520460 477614080
1791407204.763 520460 477614080
1791407204.968 520460 477614080
1791407205.174 520460 477614080
1791407205.378 520460 477614080
1791407205.582 520460 477614080
1791407205.788 520460 477614080
1791407205.994 520460 477614080
1791407206.199 520460 477614080
1791407206.403 520460 477614080
1791407206.608 520460 477614080
1791407206.814 520460 477614080
1791407207.019 520460 477626368
1791407207.224 520460 477630464
1791407207.428 520460 477626368
1791407207.634 520460 477614080
1791407207.838 520460 477618176
1791407208.043 520460 477614080
1791407208.247 520460 477614080
1791407208.452 520460 477614080
1791407208.657 520460 477614080
1791407208.862 520460 477614080
1791407209.067 520964 478429184
1791407209.271 520964 478425088
1791407209.476 521468 478941184
1791407209.680 521448 479088640
1791407209.885 521448 479100928
1791407210.090 521448 479100928
1791407210.295 521448 479100928
1791407210.499 521448 479064064
1791407210.704 521448 479064064
1791407210.908 521448 479100928
1791407211.113 521448 479100928
1791407211.318 521448 479064064
1791407211.523 521448 479096832
1791407211.728 521448 479100928
1791407211.934 521700 479105024
1791407212.138 521700 479109120
1791407212.343 521700 479096832
1791407212.548 521700 479096832
1791407212.753 521700 479096832
1791407212.957 521700 479109120
1791407213.162 521700 479109120
1791407213.368 521700 479072256
1791407213.574 521700 479072256
1791407213.780 521700 479109120
1791407213.984 521700 479113216
1791407214.190 521700 479072256
1791407214.396 521700 479092736
1791407214.601 521700 479096832
1791407214.806 521700 479076352
1791407215.010 521700 479109120
1791407215.215 521700 479072256
1791407215.420 521700 479072256
1791407215.624 521700 479072256
1791407215.830 521700 479109120
1791407216.036 521692 479121408
1791407216.241 521692 479105024
1791407216.445 521692 479109120
1791407216.651 521692 479117312
1791407216.856 521692 479121408
1791407217.060 521692 479117312
1791407217.264 521692 479080448
1791407217.469 521692 479080448
1791407217.674 521692 479117312
1791407217.878 521692 479117312
1791407218.083 521692 479105024
1791407218.287 521692 479105024
1791407218.492 521692 479105024
1791407218.697 521692 479145984
1791407218.904 521692 479137792
1791407219.112 521692 479137792
1791407219.318 521692 479137792
1791407219.522 521692 479150080
1791407219.727 521692 479150080
1791407219.931 521692 479150080
1791407220.136 521692 479113216
1791407220.343 521692 479113216
1791407220.550 521692 479150080
1791407220.757 521692 479150080
1791407220.963 521692 479137792
1791407221.167 521692 479137792
1791407221.372 521692 479141888
1791407221.576 521692 479154176
1791407221.781 521692 479150080
1791407221.985 521692 479141888
1791407222.190 521692 479141888
1791407222.394 521692 479141888
1791407222.599 521692 479141888
1791407222.805 522196 479547392
1791407223.013 522196 479158272
1791407223.219 522196 479162368
1791407223.423 522196 479174656
1791407223.628 522196 479170560
1791407223.834 522196 479158272
1791407224.040 522196 479158272
1791407224.245 522196 479158272
1791407224.452 522196 479158272
1791407224.657 522196 479158272
1791407224.866 522196 479158272
1791407225.071 522196 479158272
1791407225.277 522196 479170560
1791407225.484 522196 479174656
1791407225.690 522196 479174656
1791407225.897 522196 479158272
1791407226.103 522196 479162368
1791407226.308 522196 479170560
1791407226.513 522196 479170560
1791407226.717 522196 479158272
1791407226.922 522196 479133696
1791407227.126 522196 479158272
1791407227.330 522196 479170560
1791407227.541 522196 479174656
1791407227.746 522196 479125504
1791407227.951 522196 479129600
1791407228.158 522196 479170560
1791407228.363 522196 479170560
1791407228.569 522196 479170560
1791407228.775 522196 479158272
1791407228.981 522196 479158272
1791407229.186 522196 479158272
1791407229.391 522196 479158272
1791407229.596 522196 479158272
1791407229.801 522196 479158272
1791407230.006 522196 479158272
1791407230.212 522196 479170560
1791407230.417 522196 479174656
1791407230.623 522196 479158272
1791407230.828 522196 479162368
1791407231.033 522196 479158272
1791407231.238 522196 479158272
1791407231.443 522196 479158272
1791407231.648 522196 479158272
1791407231.853 522196 479158272
1791407232.057 522196 479158272
1791407232.262 522196 479158272
1791407232.468 522196 479158272
1791407232.674 522196 479158272
1791407232.878 522196 479158272
1791407233.083 522196 479170560
1791407233.287 522196 479170560
1791407233.492 522196 479158272
1791407233.697 522196 479158272
1791407233.903 522196 479174656
1791407234.108 522196 479170560
1791407234.312 522196 479174656
1791407234.517 522196 479162368
1791407234.721 522196 479162368
1791407234.925 522196 479145984
1791407235.130 522196 479166464
1791407235.335 522196 479158272
1791407235.540 522196 479162368
1791407235.745 522196 479158272
1791407235.952 522196 479178752
1791407236.158 522196 479170560
1791407236.364 522196 479162368
1791407236.569 522196 479158272
1791407236.773 522196 479170560
1791407236.979 522196 479170560
1791407237.185 522196 479170560
1791407237.390 522196 479133696
1791407237.595 522196 479133696
1791407237.801 522196 479170560
1791407238.007 522196 479170560
1791407238.213 522196 479158272
1791407238.418 522196 479158272
1791407238.622 522196 479158272
1791407238.831 522196 479170560
1791407239.037 522196 479170560
1791407239.242 522196 479133696
1791407239.448 522196 479133696
1791407239.654 522196 479170560
1791407239.860 522196 479170560
1791407240.067 526508 482070528
1791407240.272 526508 482058240
1791407240.476 526508 482070528
1791407240.680 526508 482082816
1791407240.885 526508 482078720
1791407241.089 526508 482041856
1791407241.294 526508 482041856
1791407241.498 526508 482373632
1791407241.703 526760 482521088
1791407241.907 526760 482521088
1791407242.112 526760 482516992
1791407242.316 526760 482512896
1791407242.520 526760 482516992
1791407242.725 526760 482529280
1791407242.929 526760 482541568
1791407243.135 526760 482504704
1791407243.339 526760 482504704
1791407243.544 526760 482541568
1791407243.749 526760 482541568
1791407243.953 526760 482504704
1791407244.157 526760 482529280
1791407244.362 526760 482525184
1791407244.567 526760 482541568
1791407244.772 526760 482545664
1791407244.979 526760 482529280
1791407245.183 526760 482529280
1791407245.389 526760 482525184
1791407245.594 526760 482545664
1791407245.799 526760 482549760
1791407246.005 526760 482533376
1791407246.209 526760 482533376
1791407246.414 526760 482533376
1791407246.618 526760 482533376
1791407246.823 526760 482533376
1791407247.027 526760 482533376
1791407247.231 526760 482533376
1791407247.436 526760 482549760
1791407247.641 526760 482545664
1791407247.845 526760 482533376
1791407248.050 526760 482537472
1791407248.255 526760 482537472
1791407248.459 526760 482537472
1791407248.665 526760 482537472
1791407248.870 526760 482537472
1791407249.075 526732 482553856
1791407249.280 526732 482570240
1791407249.484 526732 482566144
1791407249.689 526732 482566144
1791407249.894 526732 482553856
1791407250.098 526732 482553856
1791407250.303 526732 482566144
1791407250.507 526732 482566144
1791407250.713 526732 482553856
1791407250.917 526732 482594816
1791407251.122 527228 482656256
1791407251.326 527228 482668544
1791407251.531 527228 482672640
1791407251.736 527228 482660352
1791407251.942 527228 482631680
1791407252.148 527228 482672640
1791407252.353 527228 482668544
1791407252.558 527228 482672640
1791407252.762 527228 482660352
1791407252.967 527228 482656256
1791407253.171 527228 482725888
1791407253.375 527228 482721792
1791407253.580 527228 482709504
1791407253.784 527228 482713600
1791407253.989 527228 482676736
1791407254.193 527228 482713600
1791407254.398 527228 482713600
1791407254.603 527228 482713600
1791407254.808 527228 482713600
1791407255.013 527228 482725888
1791407255.218 527228 482725888
1791407255.422 527228 482717696
1791407255.627 527228 482709504
1791407255.833 527228 482709504
1791407256.037 527228 482717696
1791407256.243 527228 482721792
1791407256.448 527228 482713600
1791407256.653 527228 482709504
1791407256.857 527228 482709504
1791407257.061 527228 482725888
1791407257.265 527228 482725888
1791407257.470 527228 482689024
1791407257.674 527228 482689024
1791407257.879 527228 482725888
1791407258.084 527228 482721792
1791407258.289 527228 482721792
1791407258.493 527228 482713600
1791407258.698 527228 482709504
1791407258.902 527228 482721792
1791407259.106 527228 482721792
1791407259.310 527228 482689024
1791407259.514 527228 482709504
1791407259.719 527228 482709504
1791407259.923 527228 482721792
1791407260.128 527228 482721792
1791407260.332 527228 482709504
1791407260.536 527228 482705408
1791407260.741 527228 482713600
1791407260.945 527228 482721792
1791407261.150 527228 482721792
1791407261.355 527228 482684928
1791407261.560 527228 482684928
1791407261.765 527228 482721792
1791407261.970 527228 482729984
1791407262.175 527228 482721792
1791407262.380 527228 482709504
1791407262.584 527228 482705408
1791407262.789 527228 482721792
1791407262.994 527228 482721792
1791407263.199 527228 482684928
1791407263.403 527228 482684928
1791407263.608 527228 482684928
1791407263.812 527228 482721792
1791407264.017 527228 482697216
1791407264.225 527228 482750464
1791407264.431 527480 483299328
1791407264.637 527732 483520512
1791407264.842 528488 484474880
1791407265.047 528488 484524032
1791407265.252 528488 484487168
1791407265.458 528488 484487168
1791407265.663 528488 484524032
1791407265.868 528488 484524032
1791407266.074 528488 484519936
1791407266.279 528488 484519936
1791407266.484 528488 484524032
1791407266.688 528740 484536320
1791407266.893 528740 484532224
1791407267.098 528740 484519936
1791407267.302 528740 484519936
1791407267.507 528740 484532224
1791407267.713 528740 484532224
1791407267.917 528740 484532224
1791407268.121 528740 484519936
1791407268.326 528740 484519936
1791407268.531 528740 484536320
1791407268.737 528740 484536320
1791407268.943 528740 484528128
1791407269.149 528740 484528128
1791407269.354 528740 484524032
1791407269.559 528740 484540416
1791407269.764 528740 484536320
1791407269.969 528740 484524032
1791407270.173 528740 484524032
1791407270.378 528740 484524032
1791407270.584 528740 484524032
1791407270.790 528740 484524032
1791407270.996 528740 484524032
1791407271.201 528740 484524032
1791407271.406 528740 484536320
1791407271.610 528740 484540416
1791407271.815 528740 484519936
1791407272.020 528740 484528128
1791407272.226 528740 484528128
1791407272.431 528740 484528128
1791407272.636 528740 484528128
1791407272.841 528740 484528128
1791407273.045 528740 484536320
1791407273.250 528740 484552704
1791407273.455 528740 484548608
1791407273.661 528740 484548608
1791407273.865 528740 484540416
1791407274.070 528740 484536320
1791407274.274 528740 484548608
1791407274.479 528740 484548608
1791407274.684 528740 484536320
1791407274.888 528740 484536320
1791407275.093 528740 484605952
1791407275.297 529244 484634624
1791407275.502 529244 484630528
1791407275.707 529244 484618240
1791407275.912 529244 484614144
1791407276.117 529244 484618240
1791407276.322 529244 484630528
1791407276.527 529244 484634624
1791407276.733 529244 484618240
1791407276.938 529244 484589568
1791407277.143 529244 484630528
1791407277.347 529244 484630528
1791407277.551 529244 484593664
1791407277.756 529244 484622336
1791407277.960 529244 484601856
1791407278.165 529244 484630528
1791407278.370 529244 484630528
1791407278.574 529244 484618240
1791407278.780 529244 484618240
1791407278.984 529244 484601856
1791407279.189 529244 484630528
1791407279.395 529244 484630528
1791407279.601 529244 484618240
1791407279.805 529244 484622336
1791407280.009 529244 484630528
1791407280.215 529244 484630528
1791407280.421 529244 484630528
1791407280.627 529244 484618240
1791407280.833 529244 484618240
1791407281.039 529244 484630528
1791407281.244 529244 484630528
1791407281.449 529244 484618240
1791407281.654 529244 484618240
1791407281.860 529244 484618240
1791407282.065 529244 484634624
1791407282.270 529244 484634624
1791407282.475 529244 484597760
1791407282.681 529244 484597760
1791407282.888 529244 484634624
1791407283.093 529244 484634624
1791407283.298 529244 484638720
1791407283.502 529244 484618240
1791407283.707 529244 484618240
1791407283.912 529244 484630528
1791407284.117 529244 484630528
1791407284.322 529244 484618240
1791407284.527 529244 484622336
1791407284.733 529244 484622336
1791407284.940 529244 484618240
1791407285.146 529244 484634624
1791407285.351 529244 484618240
1791407285.555 529244 484618240
1791407285.762 529244 484630528
1791407285.966 529244 484634624
1791407286.171 529244 484630528
1791407286.375 529244 484618240
1791407286.580 529244 484622336
1791407286.786 529244 484630528
1791407286.993 529244 484634624
1791407287.196 529244 484597760
1791407287.401 529244 484597760
1791407287.606 529244 484597760
1791407287.811 529244 484634624
1791407288.016 529244 484630528
1791407288.221 529244 484622336
1791407288.428 529244 484618240
1791407288.633 529244 484630528
1791407288.839 529244 484630528
1791407289.044 529244 484630528
1791407289.255 529244 484593664
1791407289.460 529244 484593664
1791407289.665 529244 484630528
1791407289.869 529244 484630528
1791407290.074 529244 484618240
1791407290.279 529244 484618240
1791407290.483 529244 484622336
1791407290.689 529244 484630528
1791407290.893 529244 484634624
1791407291.098 529244 484618240
1791407291.304 529244 484622336
1791407291.510 529244 484630528
1791407291.715 529244 484630528
1791407291.921 529244 484634624
1791407292.126 529244 484618240
1791407292.331 529244 484622336
1791407292.535 529244 484630528
1791407292.740 529244 484630528
1791407292.947 529244 484618240
1791407293.151 529244 484618240
1791407293.356 529244 484585472
1791407293.561 529244 484630528
1791407293.767 529244 484630528
1791407293.972 529244 484597760
1791407294.177 529244 484618240
1791407294.382 529244 484630528
1791407294.586 529244 484630528
1791407294.792 529244 484630528
1791407294.996 529244 484597760
1791407295.201 529244 484618240
1791407295.407 529244 484630528
1791407295.613 529244 484634624
1791407295.818 529244 484622336
1791407296.023 529244 484618240
1791407296.230 529244 484618240
1791407296.435 529244 484618240
1791407296.639 529244 484618240
1791407296.844 529244 484618240
1791407297.048 529244 484622336
1791407297.253 529244 484630528
1791407297.458 529244 484630528
1791407297.662 529244 484630528
1791407297.867 529244 484622336
1791407298.071 529244 484618240
1791407298.276 529244 484618240
1791407298.481 529244 484618240
1791407298.687 529244 484618240
1791407298.891 529244 484618240
1791407299.096 529244 484618240
1791407299.302 529244 484634624
1791407299.506 529244 484634624
1791407299.712 529244 484618240
1791407299.917 529244 484622336
1791407300.125 529244 484630528
1791407300.335 529244 484630528
1791407300.541 529244 484634624
1791407300.745 529244 484618240
1791407300.950 529244 484618240
1791407301.154 529244 484618240
1791407301.359 529244 484618240
1791407301.564 529244 484618240
1791407301.769 529244 484618240
1791407301.974 529244 484618240
1791407302.179 529244 484630528
1791407302.385 529244 484630528
1791407302.591 529244 484618240
1791407302.798 529244 484618240
1791407303.005 529244 484618240
1791407303.213 529244 484618240
1791407303.419 529244 484618240
1791407303.624 529244 484618240
1791407303.828 529244 484618240
1791407304.032 529244 484626432
1791407304.236 529244 484630528
1791407304.441 529244 484593664
1791407304.645 529244 484585472
1791407304.850 529244 484618240
1791407305.055 529244 484630528
1791407305.260 529244 484630528
1791407305.465 529244 484622336
1791407305.670 529244 484618240
1791407305.875 529496 485326848
1791407306.080 529496 485376000
1791407306.284 529496 485376000
1791407306.489 529496 485339136
1791407306.694 529496 485339136
1791407306.899 529496 485376000
1791407307.104 529496 485380096
1791407307.309 529496 485343232
1791407307.514 529496 485363712
1791407307.719 529496 485363712
1791407307.924 529496 485371904
1791407308.129 529496 485376000
1791407308.334 529496 485367808
1791407308.538 529496 485363712
1791407308.742 529496 485367808
1791407308.947 529496 485347328
1791407309.153 529496 485376000
1791407309.358 529496 485363712
1791407309.563 529496 485363712
1791407309.767 529496 485376000
1791407309.972 529496 485376000
1791407310.177 529496 485376000
1791407310.382 529496 485339136
1791407310.589 529496 485339136
1791407310.793 529496 485376000
1791407310.998 529496 485371904
1791407311.203 529496 485363712
1791407311.409 529496 485363712
1791407311.614 529496 485363712
1791407311.821 529496 485376000
1791407312.026 529496 485380096
1791407312.233 529496 485343232
1791407312.438 529496 485343232
1791407312.643 529496 485380096
1791407312.848 529496 485380096
1791407313.052 529480 485396480
1791407313.258 529488 485371904
1791407313.463 529488 485371904
1791407313.667 529488 485384192
1791407313.872 529488 485384192
1791407314.077 529488 485347328
1791407314.283 529488 485347328
1791407314.487 529488 485347328
1791407314.693 529488 485384192
1791407314.900 529488 485384192
1791407315.107 529488 485371904
1791407315.314 529488 485371904
1791407315.519 529488 485388288
1791407315.723 529488 485384192
1791407315.928 529488 485363712
1791407316.133 529488 485376000
1791407316.338 529488 485376000
1791407316.543 529488 485388288
1791407316.748 529488 485388288
1791407316.953 529488 485371904
1791407317.158 529488 485339136
1791407317.363 529488 485367808
1791407317.568 529488 485384192
1791407317.775 529488 485380096
1791407317.980 529488 485355520
1791407318.187 529488 485371904
1791407318.393 529488 485388288
1791407318.600 529488 485384192
1791407318.806 529488 485388288
1791407319.012 529488 485351424
1791407319.217 529488 485371904
1791407319.424 529488 485351424
1791407319.631 529488 485388288
1791407319.843 529488 485371904
1791407320.051 529488 485371904
1791407320.257 529488 485371904
1791407320.467 529488 485371904
1791407320.674 529488 485371904
1791407320.880 529488 485371904
1791407321.085 529488 485371904
1791407321.290 529488 485388288
1791407321.495 529488 485384192
1791407321.700 529488 485384192
1791407321.905 529488 485371904
1791407322.109 529488 485371904
1791407322.314 529488 485384192
1791407322.519 529488 485388288
1791407322.723 529488 485376000
1791407322.928 529488 485376000
1791407323.133 529488 485376000
1791407323.339 529488 485376000
1791407323.545 529488 485376000
1791407323.750 529488 485376000
1791407323.954 529488 485371904
1791407324.158 529488 485384192
1791407324.363 529488 485384192
1791407324.568 529488 485388288
1791407324.774 529488 485371904
1791407324.979 529488 485371904
1791407325.184 529488 485371904
1791407325.389 529488 485371904
1791407325.594 529488 485371904
1791407325.800 529488 485371904
1791407326.006 529488 485376000
1791407326.210 529488 485384192
1791407326.415 529488 485388288
1791407326.620 529488 485371904
1791407326.826 529488 485371904
1791407327.032 529488 485376000
1791407327.238 529488 485376000
1791407327.443 529488 485376000
1791407327.648 529488 485376000
1791407327.853 529488 485376000
1791407328.059 529488 485388288
1791407328.264 529488 485392384
1791407328.468 529488 485371904
1791407328.673 529488 485371904
1791407328.878 529488 485371904
1791407329.084 529488 485392384
1791407329.289 529488 485388288
1791407329.494 529488 485376000
1791407329.701 529488 485376000
1791407329.907 529488 485392384
1791407330.113 529488 485388288
1791407330.320 529488 485388288
1791407330.526 529488 485376000
1791407330.732 529488 485376000
1791407330.938 529488 485388288
1791407331.143 529488 485388288
1791407331.348 529488 485351424
1791407331.553 529488 485351424
1791407331.757 529488 485351424
1791407331.962 529488 485392384
1791407332.166 529488 485388288
1791407332.371 529488 485376000
1791407332.578 529488 485376000
1791407332.783 529488 485388288
1791407332.989 529488 485388288
1791407333.193 529488 485388288
1791407333.398 529488 485351424
1791407333.603 529488 485351424
1791407333.810 529488 485388288
1791407334.017 529488 485388288
1791407334.223 529488 485376000
1791407334.428 529488 485376000
1791407334.634 529488 485380096
1791407334.839 529488 485392384
1791407335.044 529488 485388288
1791407335.250 529488 485351424
1791407335.455 529488 485351424
1791407335.660 529488 485388288
1791407335.865 529488 485388288
1791407336.070 529488 485392384
1791407336.274 529488 485380096
1791407336.478 529488 485384192
1791407336.690 540220 498429952
1791407336.899 542724 501403648
1791407337.106 576316 532013056
1791407337.311 576248 532013056
1791407337.516 576256 532013056
1791407337.720 576256 532025344
1791407337.925 576256 531996672
1791407338.131 576256 532013056
1791407338.337 576256 532013056
1791407338.543 576256 532029440
1791407338.748 576256 532033536
1791407338.953 576256 532029440
1791407339.159 576256 532021248
1791407339.367 576256 532021248
1791407339.573 576256 531996672
1791407339.780 576256 532029440
1791407339.986 576256 532017152
1791407340.192 576380 532021248
1791407340.398 576380 532017152
1791407340.605 576380 532029440
1791407340.811 576380 532029440
1791407341.017 576380 532017152
1791407341.224 572612 532021248
1791407341.439 581648 540311552
1791407341.652 678608 633393152
1791407341.860 683932 643801088
1791407342.072 715936 643796992
1791407342.284 685676 643805184
1791407342.489 681640 643817472
1791407342.694 681664 643821568
1791407342.900 681664 643805184
1791407343.106 681664 643825664
1791407343.313 681664 643821568
1791407343.523 685644 643829760
1791407343.733 683272 643829760
1791407343.940 683304 643801088
1791407344.145 683304 643817472
1791407344.351 683304 643829760
1791407344.557 683304 643829760
1791407344.762 683304 643821568
1791407344.968 683304 643801088
1791407345.174 683304 643821568
1791407345.381 683304 643829760
1791407345.587 683304 643829760
1791407345.792 683304 643821568
1791407345.998 683304 643788800
1791407346.204 683304 643829760
1791407346.408 683304 643829760
1791407346.613 683304 643829760
1791407346.817 683304 643821568
1791407347.023 683304 643817472
1791407347.229 683304 643829760
1791407347.434 683304 643833856
1791407347.639 683304 643792896
1791407347.844 683304 643817472
1791407348.051 683304 643801088
1791407348.257 683304 643829760
1791407348.462 683304 643829760
1791407348.667 683304 643825664
1791407348.873 683304 643825664
1791407349.078 683304 643825664
1791407349.283 683304 643825664
1791407349.489 683304 643825664
1791407349.693 683304 643825664
1791407349.898 683304 643825664
1791407350.103 683304 643837952
1791407350.308 683304 643837952
1791407350.513 683304 643801088
1791407350.718 683304 643825664
1791407350.922 683304 643796992
1791407351.127 683304 643837952
1791407351.332 683304 643842048
1791407351.536 683304 643829760
1791407351.741 683304 643825664
1791407351.946 683304 643833856
1791407352.152 683304 643837952
1791407352.357 683304 643837952
1791407352.563 683304 643825664
1791407352.768 683304 643821568
1791407352.972 683304 643842048
1791407353.177 683304 643837952
1791407353.382 683304 643837952
1791407353.587 683304 643825664
1791407353.793 683304 643825664
1791407353.998 683304 643837952
1791407354.204 683304 643837952
1791407354.410 683304 643801088
1791407354.615 683304 643801088
1791407354.820 683304 643801088
1791407355.026 683304 643842048
1791407355.232 683304 643842048
1791407355.438 683304 643829760
1791407355.645 683304 643825664
1791407355.850 683304 643842048
1791407356.056 683304 643846144
1791407356.262 683304 643846144
1791407356.468 683304 643809280
1791407356.675 683304 643809280
1791407356.882 683304 643846144
1791407357.088 683304 643842048
1791407357.294 683304 643829760
1791407357.501 683304 643833856
1791407357.706 683304 643829760
1791407357.911 683304 643825664
1791407358.117 683304 643846144
1791407358.324 683304 643829760
1791407358.529 683304 643833856
1791407358.735 683304 643842048
1791407358.942 683304 643842048
1791407359.151 683304 643805184
1791407359.358 683304 643805184
1791407359.565 683304 643805184
1791407359.772 683304 643842048
1791407359.978 683304 643842048
1791407360.182 683304 643829760
1791407360.388 683304 643829760
1791407360.596 683304 643850240
1791407360.804 683372 644640768
1791407361.014 683356 644648960
1791407361.222 683356 644648960
1791407361.429 683356 644648960
1791407361.636 683356 644648960
1791407361.842 683356 644648960
1791407362.049 683356 644644864
1791407362.256 683356 644644864
1791407362.463 683356 644644864
1791407362.670 683356 644661248
1791407362.876 683356 644657152
1791407363.083 683356 644620288
1791407363.290 683356 644620288
1791407363.496 683356 644657152
1791407363.704 683356 644657152
1791407363.910 683356 644657152
1791407364.117 683356 644661248
1791407364.327 683608 644661248
1791407364.532 683608 644677632
1791407364.737 683608 644673536
1791407364.942 683608 644661248
1791407365.149 683608 644661248
1791407365.354 683608 644661248
1791407365.560 683608 644673536
1791407365.766 683608 644681728
1791407365.970 683608 644669440
1791407366.175 683608 644669440
1791407366.380 683608 644669440
1791407366.585 683608 644669440
1791407366.790 683608 644669440
1791407366.994 683608 644677632
1791407367.199 683600 644677632
1791407367.404 683600 644681728
1791407367.610 683600 644685824
1791407367.816 683600 644677632
1791407368.022 683600 644673536
1791407368.226 683600 644673536
1791407368.432 683600 644673536
1791407368.636 683600 644673536
1791407368.844 683600 644673536
1791407369.050 683600 644673536
1791407369.256 683600 644685824
1791407369.462 683600 644685824
1791407369.667 683600 644685824
1791407369.873 683600 644673536
1791407370.079 683600 644640768
1791407370.286 683600 644677632
1791407370.493 683600 644677632
1791407370.700 683600 644677632
1791407370.906 683600 644644864
1791407371.112 683600 644677632
1791407371.319 683600 644685824
1791407371.526 683600 644689920
1791407371.733 683600 644673536
1791407371.941 683600 644673536
1791407372.148 683600 644685824
1791407372.353 683600 644685824
1791407372.558 683600 644685824
1791407372.762 683600 644677632
1791407372.967 683600 644677632
1791407373.172 683840 644677632
1791407373.377 683840 644677632
1791407373.584 683840 644677632
1791407373.790 683840 644677632
1791407373.996 683840 644673536
1791407374.200 683840 644689920
1791407374.405 683840 644685824
1791407374.610 683840 644673536
1791407374.816 683840 644673536
1791407375.024 683840 644673536
1791407375.229 683840 644673536
1791407375.435 683840 644673536
1791407375.640 683840 644673536
1791407375.845 683840 644673536
1791407376.050 683840 644685824
1791407376.257 683840 644685824
1791407376.462 683840 644673536
1791407376.667 683840 644673536
1791407376.874 683840 644673536
1791407377.080 683840 644689920
1791407377.285 683840 644685824
1791407377.490 683840 644669440
1791407377.695 683840 644673536
1791407377.900 683840 644685824
1791407378.104 683840 644685824
1791407378.310 683840 644685824
1791407378.515 683840 644677632
1791407378.720 683840 644677632
1791407378.925 683840 644689920
1791407379.129 683840 644685824
1791407379.335 683840 644673536
1791407379.540 683840 644673536
1791407379.744 683840 644673536
1791407379.949 683840 644689920
1791407380.155 683840 644685824
1791407380.362 683840 644673536
1791407380.568 683840 644677632
1791407380.773 683840 644689920
1791407380.980 683840 644665344
1791407381.187 683840 644685824
1791407381.392 683840 644673536
1791407381.598 683840 644673536
1791407381.803 683840 644689920
1791407382.007 683840 644685824
1791407382.212 683840 644648960
1791407382.417 683840 644648960
1791407382.623 683840 644648960
1791407382.829 683840 644685824
1791407383.036 683840 644685824
1791407383.244 683840 644673536
1791407383.450 683840 644673536
1791407383.660 683840 644685824
1791407383.866 683840 644685824
1791407384.072 683840 644685824
1791407384.278 683840 644685824
1791407384.483 683840 644464640
1791407384.690 683840 644464640
1791407384.897 683840 644464640
1791407385.104 683840 644481024
1791407385.308 683840 644476928
1791407385.513 683840 644481024
1791407385.718 683840 644493312
1791407385.923 683840 644481024
1791407386.128 683840 644481024
1791407386.340 683840 644481024
1791407386.547 683840 644493312
1791407386.753 683840 644493312
1791407386.958 683840 644497408
1791407387.164 683840 644460544
1791407387.368 683840 644460544
1791407387.573 683840 644497408
1791407387.778 683840 644497408
1791407387.982 683840 644476928
1791407388.187 683840 644485120
1791407388.393 683840 644485120
1791407388.597 683840 644497408
1791407388.803 683840 644493312
1791407389.010 683840 644485120
1791407389.217 683840 644481024
1791407389.422 683840 644493312
1791407389.629 683840 644493312
1791407389.833 683840 644493312
1791407390.039 683840 644481024
1791407390.244 683840 644481024
1791407390.452 683840 644481024
1791407390.660 683840 644481024
1791407390.866 683840 644481024
1791407391.073 683840 644485120
1791407391.280 683840 644481024
1791407391.487 683840 644493312
1791407391.694 683840 644493312
1791407391.901 683840 644481024
1791407392.108 683840 644481024
1791407392.314 683840 644481024
1791407392.520 683840 644481024
1791407392.725 683840 644481024
1791407392.930 683840 644452352
1791407393.136 683840 644485120
1791407393.340 683840 644493312
1791407393.544 683840 644493312
1791407393.748 683840 644481024
1791407393.953 683840 644452352
1791407394.159 683840 644481024
1791407394.366 683840 644493312
1791407394.572 683840 644493312
1791407394.778 683840 644481024
1791407394.984 683840 644481024
1791407395.190 683840 644481024
1791407395.396 683840 644481024
1791407395.600 683840 644481024
1791407395.806 683840 644481024
1791407396.010 683840 644485120
1791407396.215 683840 644493312
1791407396.432 683840 644493312
1791407396.636 683840 644448256
1791407396.841 683840 644485120
1791407397.047 683840 644481024
1791407397.252 683840 644481024
1791407397.457 683840 644481024
1791407397.661 683840 644481024
1791407397.866 683840 644481024
1791407398.071 683840 644493312
1791407398.276 683840 644497408
1791407398.482 683840 644493312
1791407398.686 683840 644481024
1791407398.891 683840 644481024
1791407399.096 683840 644493312
1791407399.302 683840 644493312
1791407399.508 683840 644481024
1791407399.713 683840 644481024
1791407399.918 683840 644485120
1791407400.122 683840 644485120
1791407400.327 683840 644485120
1791407400.532 683840 644485120
1791407400.737 683840 644485120
1791407400.942 683840 644493312
1791407401.149 683840 644497408
1791407401.356 683840 644493312
1791407401.562 683840 644485120
1791407401.767 683840 644481024
1791407401.974 683840 644493312
1791407402.179 683840 644493312
1791407402.384 683840 644456448
1791407402.589 683840 644456448
1791407402.794 683840 644456448
1791407402.998 683840 644493312
1791407403.203 683840 644501504
1791407403.408 683840 644481024
1791407403.612 683840 644448256
1791407403.817 683840 644493312
1791407404.022 683840 644493312
1791407404.227 683840 644493312
1791407404.432 683840 644456448
1791407404.637 683840 644456448
1791407404.842 683840 644493312
1791407405.046 683840 644497408
1791407405.251 683840 644481024
1791407405.456 683840 644485120
1791407405.661 683840 644481024
1791407405.866 683840 644493312
1791407406.071 683840 644493312
1791407406.276 683840 644456448
1791407406.482 683840 644456448
1791407406.686 683840 644493312
1791407406.891 683840 644493312
1791407407.096 683840 644493312
1791407407.302 683840 644481024
1791407407.507 683840 644485120
1791407407.711 683840 644493312
1791407407.917 683840 644493312
1791407408.123 683840 644456448
1791407408.328 683840 644481024
1791407408.536 683840 644481024
1791407408.741 683840 644493312
1791407408.947 683840 644497408
1791407409.153 683840 644460544
1791407409.360 683840 644460544
1791407409.565 683840 644497408
1791407409.770 683840 644497408
1791407409.975 683840 644497408
1791407410.179 683840 644460544
1791407410.384 683840 644460544
1791407410.588 683840 644497408
1791407410.793 683840 644497408
1791407411.000 683840 644456448
1791407411.205 683840 644481024
1791407411.410 683840 644481024
1791407411.614 683840 644493312
1791407411.820 683840 644493312
1791407412.025 683840 644456448
1791407412.230 683840 644456448
1791407412.434 683840 644493312
1791407412.639 683840 644493312
1791407412.843 683840 644493312
1791407413.048 683840 644481024
1791407413.253 683840 644481024
1791407413.459 683840 644497408
1791407413.665 683840 644497408
1791407413.870 683840 644456448
1791407414.074 683840 644481024
1791407414.279 683840 644481024
1791407414.485 683840 644481024
1791407414.690 683840 644481024
1791407414.897 683840 644481024
1791407415.102 683840 644481024
1791407415.307 683840 644481024
1791407415.512 683840 644481024
1791407415.717 683840 644481024
1791407415.923 683840 644481024
1791407416.128 683840 644485120
1791407416.334 683840 644497408
1791407416.538 683840 644493312
1791407416.743 683840 644497408
1791407416.948 683840 644481024
1791407417.152 683840 644481024
1791407417.357 683840 644481024
1791407417.562 683840 644481024
1791407417.770 683840 644481024
1791407417.974 683840 644485120
1791407418.179 683840 644493312
1791407418.383 683840 644501504
1791407418.588 683840 644497408
1791407418.794 683840 644485120
1791407418.998 683840 644485120
1791407419.203 683840 644485120
1791407419.408 683840 644485120
1791407419.613 683840 644485120
1791407419.817 683840 644485120
1791407420.023 683840 644485120
1791407420.227 683840 644485120
1791407420.433 683840 644485120
1791407420.638 683840 644485120
1791407420.842 683840 644485120
1791407421.047 683840 644489216
1791407421.252 683840 644497408
1791407421.457 683840 644497408
1791407421.662 683840 644485120
1791407421.867 683840 644489216
1791407422.073 683840 644485120
1791407422.278 683840 644485120
1791407422.483 683840 644485120
1791407422.687 683840 644485120
1791407422.892 683840 644485120
1791407423.097 683840 644497408
1791407423.302 683840 644501504
1791407423.507 683840 644489216
1791407423.712 683840 644485120
1791407423.917 683840 644489216
1791407424.122 683840 644497408
1791407424.327 683840 644501504
1791407424.531 683840 644485120
1791407424.736 683840 644485120
1791407424.940 683840 644501504
1791407425.145 683840 644497408
1791407425.350 683840 644497408
1791407425.555 683840 644485120
1791407425.761 683840 644489216
1791407425.966 683840 644476928
1791407426.176 683840 644501504
1791407426.381 683840 644489216
1791407426.586 683840 644489216
1791407426.792 683840 644489216
1791407426.997 683840 644472832
1791407427.203 683840 644505600
1791407427.409 683840 644489216
1791407427.614 683840 644489216
1791407427.819 683840 644501504
1791407428.024 683840 644501504
1791407428.229 683840 644501504
1791407428.435 683840 644489216
1791407428.639 683840 644493312
1791407428.844 683840 644501504
1791407429.048 683840 644501504
1791407429.253 683840 644493312
1791407429.459 683840 644489216
1791407429.664 683840 644489216
1791407429.869 683840 644501504
1791407430.074 683840 644493312
1791407430.279 683840 644489216
1791407430.485 683840 644489216
1791407430.690 683840 644501504
1791407430.894 683840 644505600
1791407431.098 683840 644509696
1791407431.303 683832 644497408
1791407431.508 683832 644497408
1791407431.713 683832 644509696
1791407431.917 683832 644509696
1791407432.122 683832 644501504
1791407432.326 683832 644501504
1791407432.531 683832 644501504
1791407432.735 683832 644513792
1791407432.940 683832 644509696
1791407433.144 683832 644546560
1791407433.348 683832 644583424
1791407433.555 682592 644546560
1791407433.764 728492 690405376
1791407433.974 734644 694554624
1791407434.179 734652 694562816
1791407434.384 734652 694566912
1791407434.589 734652 694550528
1791407434.794 734652 694550528
1791407435.000 734652 694554624
1791407435.205 734652 694554624
1791407435.409 734652 694554624
1791407435.614 734652 694554624
1791407435.819 734652 694554624
1791407436.023 734652 694562816
1791407436.228 734652 694562816
1791407436.433 734652 694525952
1791407436.637 734652 694550528
1791407436.841 731508 694550528
1791407437.046 731532 694530048
1791407437.251 731532 694562816
1791407437.455 731532 694550528
1791407437.661 731532 694554624
1791407437.867 731532 694554624
1791407438.076 731676 694562816
1791407438.288 731844 694562816
1791407438.499 827064 778354688
1791407438.707 827316 784953344
1791407438.920 851288 810373120
1791407439.132 823084 784982016
1791407439.340 818872 785018880
1791407439.551 818872 785018880
1791407439.758 822480 785051648
1791407439.964 819276 785108992
1791407440.169 819284 750993408
1791407440.378 819284 750981120
1791407440.582 819284 750981120
1791407440.788 819284 750993408
1791407440.993 819284 750993408
1791407441.198 819284 750993408
1791407441.402 819284 750956544
1791407441.607 819284 750956544
1791407441.811 819284 750993408
1791407442.017 819284 751005696
1791407442.222 820004 751067136
1791407442.427 820004 751071232
1791407442.632 820004 751071232
1791407442.836 820004 751083520
1791407443.040 820004 751083520
1791407443.245 820004 751046656
1791407443.449 820004 751046656
1791407443.655 820004 751083520
1791407443.859 820004 751083520
1791407444.064 820004 751083520
1791407444.268 820004 751075328
1791407444.472 820004 751071232
1791407444.678 820004 751083520
1791407444.884 820004 751083520
1791407445.089 820004 751046656
1791407445.295 820004 751046656
1791407445.499 820004 751046656
1791407445.704 820004 751083520
1791407445.909 820004 751091712
1791407446.115 819996 751046656
1791407446.321 819996 751083520
1791407446.525 819996 751091712
1791407446.730 819996 751091712
1791407446.935 819996 751079424
1791407447.139 819996 751079424
1791407447.344 819996 751079424
1791407447.549 819996 751091712
1791407447.755 819996 751087616
1791407447.964 819996 751075328
1791407448.169 819996 751087616
1791407448.374 819996 751050752
1791407448.578 819996 751091712
1791407448.782 819996 751091712
1791407448.987 819996 751079424
1791407449.191 819996 751083520
1791407449.396 819996 751083520
1791407449.600 819996 751091712
1791407449.805 819996 751091712
1791407450.011 819996 751058944
1791407450.217 819996 751079424
1791407450.422 819996 751091712
1791407450.627 819996 751091712
1791407450.831 819996 751054848
1791407451.035 819996 751083520
1791407451.240 819996 751083520
1791407451.444 819996 751083520
1791407451.650 819996 751083520
1791407451.855 819996 751083520
1791407452.059 819996 751075328
1791407452.263 819996 751083520
1791407452.467 819996 751091712
1791407452.672 819996 751091712
1791407452.877 819996 751079424
1791407453.081 819996 751079424
1791407453.286 819996 751079424
1791407453.490 819996 751079424
1791407453.695 819996 751079424
1791407453.900 819996 751079424
1791407454.105 819996 751083520
1791407454.309 819996 751091712
1791407454.514 819996 751095808
1791407454.719 819996 751083520
1791407454.922 819996 751063040
1791407455.127 819996 751083520
1791407455.331 819996 751091712
1791407455.539 819996 751095808
1791407455.746 819996 751083520
1791407455.951 819996 751050752
1791407456.155 819996 751091712
1791407456.359 819996 751091712
1791407456.564 819996 751091712
1791407456.768 819996 751075328
1791407456.972 819996 751079424
1791407457.176 819996 751079424
1791407457.381 819996 751079424
1791407457.585 819996 751079424
1791407457.789 819996 751079424
1791407457.993 819996 751079424
1791407458.197 819996 751079424
1791407458.402 819996 751079424
1791407458.607 819996 751079424
1791407458.811 819996 751079424
1791407459.015 819996 751095808
1791407459.220 819996 751091712
1791407459.425 819996 751091712
1791407459.631 819996 751079424
1791407459.837 819996 751079424
1791407460.043 819996 751079424
1791407460.248 819996 751079424
1791407460.452 819996 751079424
1791407460.656 819996 751079424
1791407460.860 819996 751079424
1791407461.065 819996 751091712
1791407461.269 819996 751091712
1791407461.473 819996 751083520
1791407461.677 819996 751075328
1791407461.882 819996 751079424
1791407462.086 819996 751091712
1791407462.291 819996 751091712
1791407462.496 819996 751054848
1791407462.702 819996 751054848
1791407462.907 819996 751095808
1791407463.111 819996 751095808
1791407463.316 819996 751058944
1791407463.521 819996 751083520
1791407463.726 819996 751079424
1791407463.931 819996 751071232
1791407464.137 819996 751091712
1791407464.343 819996 751079424
1791407464.549 819996 751083520
1791407464.754 819996 751083520
1791407464.958 819996 751091712
1791407465.163 819996 751091712
1791407465.368 819996 751054848
1791407465.573 819996 751054848
1791407465.778 819996 751091712
1791407465.983 819996 751091712
1791407466.188 819996 751058944
1791407466.393 819996 751083520
1791407466.598 819996 751083520
1791407466.803 819996 751091712
1791407467.007 819996 751091712
1791407467.212 819996 751054848
1791407467.416 819996 751054848
1791407467.620 819996 751054848
1791407467.824 819996 751091712
1791407468.029 819996 751091712
1791407468.233 819996 751054848
1791407468.438 819996 751054848
1791407468.642 819996 751091712
1791407468.847 819996 751091712
1791407469.051 819996 751095808
1791407469.255 819996 751079424
1791407469.460 819996 751079424
1791407469.665 819996 751091712
1791407469.869 819996 751091712
1791407470.074 819996 751054848
1791407470.278 819996 751054848
1791407470.483 819996 751054848
1791407470.687 819996 751091712
1791407470.892 819996 751091712
1791407471.096 819996 751079424
1791407471.301 819996 751083520
1791407471.507 819996 751095808
1791407471.711 819996 751091712
1791407471.916 819996 751091712
1791407472.120 819996 751079424
1791407472.324 819996 751046656
1791407472.529 819996 751095808
1791407472.733 819996 751095808
1791407472.938 819996 751079424
1791407473.142 819996 751079424
1791407473.347 819996 751079424
1791407473.551 819996 751091712
1791407473.755 819996 751095808
1791407473.959 819996 751079424
1791407474.164 819996 751079424
1791407474.368 819996 751079424
1791407474.572 819996 751079424
1791407474.777 819996 751079424
1791407474.982 819996 751063040
1791407475.187 819996 751079424
1791407475.392 819996 751091712
1791407475.597 819996 751091712
1791407475.802 819996 751054848
1791407476.006 819996 751079424
1791407476.211 819996 751079424
1791407476.415 819996 751079424
1791407476.620 819996 751079424
1791407476.824 819996 751079424
1791407477.028 819996 751079424
1791407477.232 819996 751079424
